datetime,SUSHI-USD,LTC-USD,ALGO-USD,MKR-USD,CELO-USD,ICP-USD,BCH-USD,LINK-USD,DOGE-USD,MATIC-USD,COMP-USD,XTZ-USD,YFI-USD,ADA-USD,SOL-USD,AAVE-USD,XLM-USD,AVAX-USD,XMR-USD,ATOM-USD,EOS-USD,ENJ-USD,SNX-USD,NEAR-USD,1INCH-USD,ZRX-USD,UNI-USD,TRX-USD,DOT-USD,ETH-USD,CRV-USD,ZEC-USD,UMA-USD,RUNE-USD,FIL-USD,BTC-USD,ETC-USD
2024-03-01T18:00:00.000Z,1.599,84.2,0.2193,2111,1.159,12.77,312.1,19.872,0.1351,1.0185,93,1.265,8875,0.691,133.138,108.81,0.1255,42.03,143.2,11.354,0.887,0.46,4.411,3.915,0.545,0.403,11.715,0.141,8.42,3434.8,0.6124,29.4,4.18,5.801,8.16,62385,29.81
2024-03-01T19:00:00.000Z,1.596,84.1,0.2199,2104,1.166,12.78,311.7,19.86,0.1358,1.0183,93.6,1.268,8882,0.692,130.997,108.5,0.125,42.01,143.1,11.359,0.886,0.468,4.452,3.917,0.545,0.402,11.567,0.1413,8.38,3429.2,0.6152,29.5,4.18,5.799,8.13,62269,29.73
2024-03-01T20:00:00.000Z,1.598,84.4,0.2202,2118,1.158,12.88,314.9,19.911,0.1403,1.0209,93.6,1.268,8937,0.697,131.9,108.87,0.1259,42.28,143.4,11.396,0.89,0.466,4.478,3.948,0.548,0.403,11.649,0.1414,8.46,3450,0.636,29.5,4.25,5.849,8.17,62997,29.9
2024-03-01T21:00:00.000Z,1.588,84.8,0.2227,2109,1.167,12.87,315.5,19.829,0.1416,1.0212,94.3,1.273,8941,0.696,131.017,109.29,0.1261,42.33,145.2,11.449,0.897,0.468,4.524,3.939,0.547,0.404,11.576,0.1416,8.49,3430.8,0.6438,29.5,4.29,5.828,8.2,62606,29.89
2024-03-01T22:00:00.000Z,1.604,84.8,0.2236,2110,1.17,12.93,315.6,20.002,0.1403,1.0227,93.5,1.271,9001,0.701,130.819,109.71,0.1269,42.62,145.5,11.517,0.901,0.466,4.534,3.936,0.55,0.405,11.587,0.1416,8.62,3438,0.6506,29.7,4.29,5.821,8.17,62571,30.04
2024-03-01T23:00:00.000Z,1.609,85.3,0.2284,2109,1.2,12.98,316.8,20.075,0.1399,1.026,95.6,1.282,8930,0.72,129.4,110.75,0.1274,42.72,144.4,11.657,0.914,0.465,4.555,3.973,0.55,0.408,11.571,0.1417,8.68,3436.5,0.6542,29.6,4.35,5.814,8.24,62477,30.37
2024-03-02T00:00:00.000Z,1.612,86.4,0.2311,2126,1.151,13.11,338.7,20.259,0.1468,1.0346,93.1,1.276,9075,0.75,130.587,111.97,0.1298,43.11,145,11.832,0.938,0.467,4.626,3.992,0.553,0.418,11.755,0.1413,8.76,3461.3,0.6606,29.9,4.39,5.846,8.32,62365,31.12
2024-03-02T01:00:00.000Z,1.596,87.1,0.2305,2123,1.137,13.31,368.2,20.518,0.1425,1.0473,91.8,1.275,9104,0.757,129.247,112.12,0.1302,43.24,144.4,11.82,0.961,0.464,4.536,3.994,0.547,0.415,11.465,0.1407,8.76,3446.9,0.657,30.1,4.32,5.814,8.36,62115,31.58
2024-03-02T02:00:00.000Z,1.602,88.4,0.2316,2124,1.134,13.48,387.5,20.531,0.1403,1.052,92.9,1.285,9231,0.764,130.017,112.31,0.1318,43.34,144,11.856,0.986,0.462,4.535,4.017,0.554,0.414,11.4,0.1408,8.81,3443.6,0.6568,30.3,4.38,5.784,8.58,62186,31.88
2024-03-02T03:00:00.000Z,1.656,91.2,0.2338,2131,1.13,13.43,404.1,20.684,0.1417,1.061,94.7,1.297,9408,0.759,130.251,114.51,0.1326,43.51,141.2,11.9,1.004,0.468,4.586,4.051,0.569,0.416,12.579,0.1411,8.94,3446.6,0.6706,31.1,4.38,5.834,8.55,62405,34.02
2024-03-02T04:00:00.000Z,1.635,90.7,0.2335,2127,1.131,13.4,400.6,20.712,0.1432,1.0698,93.3,1.315,9312,0.757,129.386,113.7,0.1331,43.51,141.3,11.921,1.025,0.464,4.525,4.078,0.572,0.418,12.573,0.1412,8.94,3432.2,0.6596,30.8,4.4,5.833,8.64,62137,33.36
2024-03-02T05:00:00.000Z,1.636,90.4,0.2329,2119,1.127,13.55,405.8,21.206,0.1426,1.0685,94,1.313,9329,0.749,128.592,113.08,0.1321,43.07,142.4,11.871,1.006,0.462,4.537,4.027,0.562,0.414,12.72,0.141,8.86,3423.6,0.6608,30.8,4.43,5.797,8.59,62110,33.07
2024-03-02T06:00:00.000Z,1.618,90.3,0.2353,2129,1.139,13.45,400.9,21.477,0.143,1.0769,92.4,1.325,9277,0.742,129.283,113.29,0.1328,42.97,142.7,11.976,0.993,0.466,4.506,4.073,0.573,0.422,12.46,0.1411,8.95,3440.3,0.6654,31,4.44,5.827,8.78,62041,33.24
2024-03-02T07:00:00.000Z,1.611,90.6,0.2358,2130,1.134,13.24,394.5,21.259,0.147,1.0705,92.1,1.327,9325,0.738,129.368,113.73,0.133,42.66,143,12.024,0.982,0.474,4.586,4.127,0.584,0.421,12.438,0.1409,8.94,3435,0.6695,30.9,4.45,5.809,8.75,62115,32.67
2024-03-02T08:00:00.000Z,1.604,90.5,0.2361,2122,1.136,13.2,401.4,21.189,0.1472,1.0712,91.2,1.316,9321,0.748,129.996,113.39,0.1339,42.93,144.5,12.009,0.991,0.469,4.575,4.102,0.577,0.421,12.344,0.1409,9,3422.2,0.6665,30.5,4.43,5.797,8.73,62035,32.88
2024-03-02T09:00:00.000Z,1.587,89.1,0.2338,2118,1.131,13.09,405.4,20.833,0.1429,1.0655,90.4,1.312,9214,0.725,128.802,112.82,0.1326,42.26,141.7,11.862,0.995,0.464,4.532,4.076,0.574,0.419,12.062,0.1405,8.92,3409.4,0.659,30.5,4.47,5.728,8.62,61930,32.81
2024-03-02T10:00:00.000Z,1.593,89.1,0.2392,2107,1.118,13.02,407.7,20.768,0.1419,1.0662,89.8,1.324,9204,0.734,128.491,113.1,0.1331,42.4,142.9,11.895,0.992,0.473,4.579,4.087,0.576,0.42,12.091,0.1407,8.94,3411.5,0.6637,30.6,4.47,5.715,8.84,61990,33.08
2024-03-02T11:00:00.000Z,1.607,90.8,0.2402,2105,1.109,12.99,444.5,20.816,0.1417,1.0653,90.8,1.343,9318,0.734,129.009,114.04,0.1353,42.41,142.1,11.971,1.012,0.482,4.623,4.101,0.571,0.419,12.117,0.1407,8.98,3409.2,0.666,31.2,4.47,5.7,8.74,61950,33.73
2024-03-02T12:00:00.000Z,1.637,91.8,0.2429,2123,1.125,13.19,445.7,21.138,0.1436,1.0847,91.9,1.36,9383,0.745,129.924,114.75,0.1366,42.91,142.6,12.045,1.021,0.492,4.745,4.222,0.584,0.428,12.105,0.1411,9.2,3425.2,0.6718,31.3,4.47,5.743,8.94,62178,33.78
2024-03-02T13:00:00.000Z,1.631,91.8,0.2447,2118,1.121,13.02,449.4,21.162,0.1411,1.0824,91.5,1.353,9240,0.74,129.457,114.33,0.1349,42.98,143.6,12.049,1.017,0.492,4.642,4.174,0.574,0.426,12.169,0.1411,9.07,3414,0.6671,31.6,4.47,5.7,8.77,61906,33.68
2024-03-02T14:00:00.000Z,1.629,91.8,0.2393,2116,1.145,12.89,458,21.205,0.1389,1.0873,90.7,1.346,9278,0.734,128.627,114.95,0.134,42.74,142.5,11.996,1.023,0.499,4.682,4.273,0.572,0.423,12.17,0.141,9.15,3418,0.6662,31.2,4.37,5.698,8.85,61897,33.65
2024-03-02T15:00:00.000Z,1.625,91,0.2377,2127,1.145,12.88,446.1,21.113,0.1376,1.0737,90.1,1.371,9167,0.734,128.069,116.95,0.1338,42.24,142.5,11.912,1.013,0.499,4.645,4.235,0.571,0.421,12.327,0.1409,9.03,3422.4,0.6678,31.3,4.45,5.702,8.69,61880,32.88
2024-03-02T16:00:00.000Z,1.655,92.1,0.2414,2116,1.163,13,447.4,21.624,0.1391,1.076,90.9,1.354,9271,0.734,128.518,116.43,0.1343,42.76,143,11.982,1.029,0.492,4.645,4.203,0.571,0.426,12.348,0.141,9.18,3427.5,0.6701,31.7,4.45,5.738,8.71,61933,32.69
2024-03-02T17:00:00.000Z,1.649,91.1,0.2396,2124,1.154,12.95,447,21.31,0.1394,1.0843,91.7,1.361,9275,0.738,128.134,115.26,0.134,42.55,143,11.974,1.033,0.497,4.632,4.242,0.569,0.424,12.485,0.1409,9.11,3420.2,0.6631,32,4.45,5.755,8.7,61874,32.79
2024-03-02T18:00:00.000Z,1.667,91.9,0.2414,2132,1.199,13.05,452,21.467,0.1426,1.1028,91.4,1.37,9383,0.742,129.856,116.33,0.1348,43.02,144.1,12.056,1.051,0.496,4.65,4.271,0.575,0.427,12.551,0.1411,9.27,3434.7,0.6632,32.2,4.45,5.771,8.95,62109,33.13
2024-03-02T19:00:00.000Z,1.688,92,0.2406,2139,1.213,13.17,464.4,21.44,0.142,1.0985,91.9,1.374,9475,0.742,130.847,116.92,0.1351,43.09,143.4,12.128,1.057,0.501,4.627,4.285,0.574,0.427,12.536,0.1411,9.24,3429.3,0.6721,32.3,4.45,5.741,9.19,62189,33.3
2024-03-02T20:00:00.000Z,1.682,91.9,0.2408,2125,1.205,13.22,450.6,21.284,0.1403,1.0875,91.5,1.38,9495,0.735,129.388,117.3,0.135,42.83,143.6,12.061,1.063,0.502,4.582,4.246,0.572,0.426,12.533,0.1412,9.23,3410.3,0.6719,32.2,4.47,5.668,9.32,61963,32.97
2024-03-02T21:00:00.000Z,1.715,92.5,0.2407,2122,1.213,13.24,448.3,21.35,0.1422,1.0916,91.6,1.386,9485,0.733,128.905,117.11,0.1358,43.09,145.1,12.012,1.1,0.524,4.602,4.35,0.578,0.429,12.596,0.1409,9.33,3408.7,0.6849,32.3,4.48,5.683,9.4,62009,33.25
2024-03-02T22:00:00.000Z,1.716,92.2,0.2413,2122,1.214,13.24,452.1,21.346,0.1427,1.0873,91.1,1.412,9440,0.738,128.624,115.85,0.1366,43.5,145.8,12.067,1.085,0.528,4.611,4.387,0.577,0.429,12.581,0.1411,9.34,3407.4,0.6825,32.1,4.49,5.705,9.31,61787,33.35
2024-03-02T23:00:00.000Z,1.726,94.6,0.2485,2144,1.221,13.3,501.8,21.437,0.1422,1.0968,92.5,1.426,9631,0.742,130.231,116.36,0.1386,44.45,146.3,12.229,1.116,0.526,4.635,4.5,0.583,0.433,12.66,0.1415,9.47,3425,0.6912,33.3,4.48,5.778,9.34,62069,34.19
2024-03-03T00:00:00.000Z,1.725,93.4,0.2439,2141,1.172,13.47,498.4,21.406,0.1406,1.0912,91.6,1.386,9458,0.73,129.006,118.22,0.1355,44.15,147.8,12.168,1.064,0.53,4.716,4.354,0.573,0.422,12.437,0.1413,9.36,3429.9,0.6878,32.5,4.55,5.81,9.1,61807,35.38
2024-03-03T01:00:00.000Z,1.704,93.5,0.2453,2146,1.177,13.47,500.2,21.436,0.1402,1.0897,91.5,1.377,9454,0.738,130.274,116.07,0.1366,43.94,146.7,12.231,1.068,0.531,4.666,4.403,0.577,0.423,12.447,0.1413,9.36,3435.5,0.6912,32.5,4.6,5.805,9.15,61873,35.12
2024-03-03T02:00:00.000Z,1.752,91.8,0.2502,2150,1.176,13.53,504.5,21.261,0.1394,1.0817,91.5,1.385,9424,0.737,129.379,115.89,0.1366,43.43,149,12.205,1.061,0.523,4.646,4.366,0.576,0.426,12.355,0.1413,9.29,3420,0.6851,32.3,4.65,5.756,9.34,61864,34.43
2024-03-03T03:00:00.000Z,1.78,93.1,0.2532,2149,1.167,13.44,505.5,21.271,0.1406,1.0889,91.9,1.402,9453,0.74,130.194,115.79,0.1393,43.95,149.7,12.202,1.072,0.521,4.631,4.358,0.578,0.426,12.437,0.1413,9.39,3435,0.6835,32.6,4.59,5.771,9.32,62016,35.31
2024-03-03T04:00:00.000Z,1.78,93,0.2493,2151,1.176,13.67,493.4,21.346,0.1428,1.0926,92.3,1.397,9500,0.741,130.468,116.88,0.1382,43.96,153.1,12.23,1.075,0.521,4.645,4.34,0.591,0.429,12.741,0.1414,9.39,3443.1,0.6955,32.8,4.61,5.805,9.23,62078,35.11
2024-03-03T05:00:00.000Z,1.746,92.7,0.2438,2132,1.162,13.65,489.7,21.109,0.1402,1.1063,91.9,1.395,9358,0.728,129.627,115.21,0.1368,43.58,152.3,12.082,1.063,0.519,4.569,4.294,0.583,0.424,12.5,0.1413,9.23,3423.8,0.6896,32.7,4.54,5.786,9.14,61955,34.54
2024-03-03T06:00:00.000Z,1.74,91.6,0.2399,2104,1.15,13.43,486,20.971,0.1382,1.0997,91.9,1.393,9249,0.729,129.273,114.58,0.1366,43.2,152.1,12.025,1.072,0.51,4.508,4.217,0.571,0.419,12.503,0.1411,9.18,3416.7,0.6816,32.4,4.48,5.711,9.17,61923,34.31
2024-03-03T07:00:00.000Z,1.668,88.8,0.2394,2059,1.116,13.04,481.6,20.256,0.1316,1.0586,88,1.359,8919,0.714,127.133,111.13,0.1319,41.92,149.1,11.704,1.037,0.49,4.35,4.117,0.554,0.402,12.109,0.1405,9,3396.4,0.6457,31.9,4.24,5.537,9.03,61698,32.96
2024-03-03T08:00:00.000Z,1.667,89.4,0.2403,2058,1.145,13.05,483.7,20.271,0.1341,1.0757,88.3,1.354,9002,0.728,126.541,111.51,0.1329,42.42,147.4,11.789,1.053,0.499,4.356,4.149,0.558,0.41,12.201,0.1402,9.09,3398.7,0.6535,32.2,4.24,5.572,9.46,61648,32.98
2024-03-03T09:00:00.000Z,1.728,90.1,0.2422,2071,1.145,13.06,474.6,20.441,0.1339,1.0833,90.7,1.38,9097,0.724,130.038,113.08,0.1346,42.76,148.2,11.928,1.049,0.5,4.424,4.214,0.566,0.412,12.346,0.1405,9.14,3409.9,0.6665,32,4.28,5.601,9.68,61759,32.96
2024-03-03T10:00:00.000Z,1.719,90.6,0.2395,2063,1.145,13.09,480.4,20.35,0.1352,1.0691,89.9,1.382,9101,0.722,129.282,112.44,0.1338,42.58,149.4,11.8,1.046,0.512,4.401,4.188,0.563,0.41,12.484,0.1404,9.12,3403.1,0.6644,32,4.27,5.607,9.73,61699,32.93
2024-03-03T11:00:00.000Z,1.738,91.4,0.242,2076,1.154,13.08,479,20.542,0.1417,1.0765,91.2,1.382,9136,0.726,128.857,113.8,0.1349,42.67,149.1,11.836,1.05,0.521,4.429,4.212,0.569,0.413,12.745,0.1404,9.17,3416.4,0.6821,31.9,4.25,5.622,9.77,61909,33.25
2024-03-03T12:00:00.000Z,1.717,92,0.2412,2081,1.163,13.06,478.3,20.538,0.1398,1.0725,90.3,1.372,9080,0.728,128.37,113.11,0.1348,42.67,148.2,11.856,1.051,0.522,4.458,4.299,0.569,0.412,12.904,0.1403,9.23,3423.3,0.6796,32.2,4.29,5.663,9.67,62262,33.33
2024-03-03T13:00:00.000Z,1.696,91.7,0.241,2083,1.151,13.13,479.8,20.467,0.1408,1.0741,89.8,1.378,9132,0.73,128.845,112.56,0.1355,42.82,146.1,11.914,1.055,0.541,4.448,4.348,0.57,0.417,12.672,0.1405,9.23,3431.7,0.6808,32,4.28,5.668,9.75,62479,33.46
2024-03-03T14:00:00.000Z,1.698,90.5,0.2394,2086,1.144,13.43,464.6,20.408,0.138,1.0727,89.3,1.396,9066,0.723,128.791,112.19,0.134,42.75,145.8,11.87,1.047,0.534,4.468,4.298,0.562,0.413,12.584,0.1401,9.17,3423.1,0.671,31.8,4.27,5.652,10.4,62207,32.99
2024-03-03T15:00:00.000Z,1.702,91.2,0.2393,2075,1.157,13.54,472.8,20.573,0.1407,1.0728,90.2,1.388,9232,0.724,129.619,112.95,0.1346,42.74,145.8,11.947,1.059,0.54,4.499,4.302,0.567,0.418,12.816,0.1403,9.32,3425.3,0.6743,31.9,4.29,5.67,10.44,62251,33.22
2024-03-03T16:00:00.000Z,1.75,91.4,0.2425,2089,1.157,13.47,472.4,20.641,0.1416,1.0811,90.8,1.375,9392,0.734,130.466,113.78,0.135,43.03,145.9,12.048,1.062,0.547,4.528,4.415,0.569,0.42,12.874,0.1406,9.73,3483.2,0.6739,32.1,4.3,5.756,10.61,62919,33.61
2024-03-03T17:00:00.000Z,1.741,90.8,0.2433,2086,1.145,13.4,473,20.503,0.1407,1.0856,90.2,1.381,9334,0.73,130.613,113.05,0.1341,42.79,146.2,12.033,1.068,0.544,4.498,4.372,0.569,0.421,12.75,0.1406,9.73,3464.2,0.6792,31.9,4.33,5.712,10.54,62661,33.42
2024-03-03T18:00:00.000Z,1.722,91.3,0.241,2095,1.145,13.28,465.5,20.534,0.149,1.0808,89.8,1.365,9273,0.726,130.748,112.51,0.1342,42.68,147.6,12.027,1.084,0.54,4.485,4.336,0.573,0.419,12.706,0.1406,9.65,3474.5,0.6669,31.7,4.26,5.716,10.61,62932,33.47
2024-03-03T19:00:00.000Z,1.768,90.8,0.2415,2101,1.151,13.31,462.6,20.545,0.1513,1.0828,90.4,1.365,9319,0.726,130.391,112.25,0.1342,42.6,149.2,12.057,1.088,0.537,4.477,4.394,0.573,0.42,12.692,0.1407,9.66,3468.5,0.6731,31.8,4.29,5.695,10.69,62829,33.39
2024-03-03T20:00:00.000Z,1.74,90.4,0.2412,2095,1.151,13.25,459.8,20.499,0.1538,1.0738,89.8,1.363,9272,0.726,129.945,111.69,0.1344,42.62,151.6,12.118,1.092,0.531,4.45,4.412,0.572,0.417,12.601,0.1407,9.69,3471,0.6682,31.8,4.28,5.712,10.85,62840,33.33
2024-03-03T21:00:00.000Z,1.759,90.7,0.2448,2102,1.158,13.29,465.9,20.578,0.1541,1.0796,90.3,1.368,9319,0.728,130.382,112.94,0.1354,42.56,148.5,12.177,1.085,0.531,4.459,4.414,0.579,0.42,12.689,0.1407,9.79,3480.3,0.6733,31.7,4.28,5.703,10.87,62906,33.36
2024-03-03T22:00:00.000Z,1.779,90.9,0.2501,2102,1.149,13.23,468.3,20.53,0.151,1.0936,89.6,1.367,9317,0.729,131.129,112.5,0.1355,42.68,151.3,12.168,1.08,0.522,4.435,4.466,0.582,0.42,12.733,0.1407,9.77,3475.5,0.6688,31.8,4.31,5.713,10.62,62889,33.47
2024-03-03T23:00:00.000Z,1.762,90.7,0.2508,2097,1.151,13.2,471.2,20.533,0.1539,1.09,89.5,1.371,9275,0.729,130.522,112.82,0.1358,42.65,151.2,12.17,1.071,0.518,4.448,4.446,0.591,0.419,12.632,0.1407,9.8,3490.7,0.6681,31.6,4.34,5.65,10.5,63185,33.65
2024-03-04T00:00:00.000Z,1.788,90.7,0.2619,2108,1.139,13.26,468.5,20.592,0.1521,1.101,89.7,1.365,9388,0.737,131.113,113.27,0.1355,42.98,149,12.36,1.066,0.516,4.443,4.689,0.574,0.419,12.714,0.1405,9.8,3487.5,0.6789,31.4,4.31,5.674,10.53,63538,33.85
2024-03-04T01:00:00.000Z,1.818,90,0.2631,2087,1.121,13.23,463.6,20.505,0.1518,1.1034,89.7,1.385,9425,0.742,130.435,112.09,0.1365,42.85,145.9,12.493,1.068,0.511,4.435,4.635,0.573,0.423,12.711,0.1408,9.72,3481.7,0.6705,32.1,4.32,5.675,10.43,63565,33.63
2024-03-04T02:00:00.000Z,1.768,91,0.2522,2090,1.124,13.31,461.8,20.432,0.1581,1.0953,89.6,1.403,9378,0.75,130.516,112.06,0.1364,42.77,146.9,12.667,1.079,0.517,4.467,4.542,0.575,0.428,12.47,0.1407,9.71,3491.7,0.672,32.1,4.33,5.69,10.29,63755,33.51
2024-03-04T03:00:00.000Z,1.752,89.8,0.2493,2065,1.112,13.13,454.1,20.205,0.1569,1.0933,88.8,1.399,9269,0.756,129.217,110.65,0.1367,42.28,146.7,12.423,1.083,0.515,4.44,4.524,0.569,0.434,12.353,0.1401,9.69,3475.1,0.6698,31.5,4.35,5.657,10.1,63530,33.41
2024-03-04T04:00:00.000Z,1.781,90.5,0.2496,2089,1.121,13.29,461.7,20.322,0.158,1.1028,89.7,1.405,9408,0.747,129.914,112.68,0.1378,42.54,146.6,12.514,1.078,0.525,4.503,4.517,0.574,0.436,12.442,0.1398,9.78,3487.9,0.6782,32,4.32,5.669,10.22,63709,33.56
2024-03-04T05:00:00.000Z,1.748,90.7,0.25,2082,1.121,13.42,462.9,20.355,0.1595,1.0879,89.2,1.42,9442,0.763,129.092,111.55,0.1378,42.15,145.6,12.404,1.066,0.521,4.484,4.441,0.576,0.433,12.461,0.1398,9.73,3468.8,0.6812,31.5,4.39,5.626,10.1,63396,33.8
2024-03-04T06:00:00.000Z,1.759,91.8,0.2587,2087,1.126,13.66,466.2,20.4,0.1657,1.0933,89.8,1.45,9587,0.793,129.526,112.4,0.1431,42.56,144.8,12.477,1.099,0.527,4.494,4.524,0.573,0.432,12.455,0.14,9.84,3476.8,0.6941,31.7,4.38,5.642,10.34,63797,34.34
2024-03-04T07:00:00.000Z,1.769,90.7,0.2541,2091,1.12,13.46,454.1,20.378,0.164,1.0974,89.8,1.474,9564,0.785,129.826,111.54,0.1428,43.04,145,12.54,1.134,0.525,4.541,4.52,0.576,0.432,12.387,0.1406,9.77,3482.2,0.6863,32.1,4.38,5.685,10.22,64180,34.15
2024-03-04T08:00:00.000Z,1.758,92.2,0.2573,2106,1.138,13.51,464.6,20.766,0.1693,1.1101,91.3,1.468,9615,0.795,132.077,112.83,0.1444,43.4,146.8,12.652,1.138,0.552,4.496,4.548,0.58,0.433,12.586,0.141,10.11,3537.6,0.683,32.8,4.46,5.788,10.19,65352,34.53
2024-03-04T09:00:00.000Z,1.747,92,0.2589,2116,1.124,13.51,460.6,20.772,0.1648,1.112,92.7,1.476,9642,0.797,134.604,113.81,0.1453,43.86,146.8,12.629,1.128,0.575,4.458,4.582,0.592,0.439,12.543,0.1411,10.14,3528.4,0.7112,32.7,4.41,5.716,10.22,65446,34.45
2024-03-04T10:00:00.000Z,1.71,90,0.2511,2095,1.101,13.24,465,20.376,0.1615,1.0903,91.7,1.457,9403,0.781,131.766,112.22,0.1461,43.06,146,12.486,1.09,0.556,4.39,4.497,0.584,0.435,12.402,0.1408,9.87,3501,0.7307,31.9,4.3,5.618,10.03,65184,33.93
2024-03-04T11:00:00.000Z,1.726,90.7,0.2545,2103,1.112,13.36,461.6,20.454,0.1626,1.0966,95.1,1.457,9494,0.786,132.842,114.34,0.1533,43.65,145.2,12.556,1.109,0.55,4.427,4.555,0.59,0.444,12.797,0.1411,9.97,3510.4,0.7464,32.3,4.33,5.607,9.94,65344,34.25
2024-03-04T12:00:00.000Z,1.728,90.7,0.2575,2118,1.12,13.41,456.5,20.731,0.162,1.1195,95.4,1.454,9515,0.784,133.181,115.28,0.1505,43.78,146.9,12.728,1.117,0.561,4.55,4.578,0.597,0.447,12.925,0.1413,10.27,3510,0.7428,32.3,4.39,5.651,10.05,65257,34.3
2024-03-04T13:00:00.000Z,1.694,89.6,0.2495,2109,1.1,13.16,446.9,20.327,0.1606,1.0942,92.7,1.425,9401,0.773,130.986,113.18,0.1467,42.92,146.8,12.45,1.097,0.552,4.476,4.473,0.592,0.435,12.755,0.1403,9.91,3493.5,0.7376,32,4.45,5.581,9.85,65204,33.78
2024-03-04T14:00:00.000Z,1.701,90.3,0.2532,2112,1.103,13.15,451.7,20.617,0.1674,1.1066,91.5,1.432,9445,0.787,132.268,113.69,0.1474,43.62,146.4,12.473,1.102,0.593,4.515,4.506,0.594,0.437,12.749,0.1405,10.11,3541.5,0.7494,32.3,4.4,5.627,9.97,66357,34.27
2024-03-04T15:00:00.000Z,1.714,90.8,0.2534,2124,1.102,13.22,450.8,20.531,0.1721,1.1288,91.9,1.438,9453,0.789,132.104,114.7,0.1493,43.54,149.1,12.57,1.099,0.585,4.55,4.459,0.595,0.438,12.791,0.1406,10.18,3565.2,0.7626,32.1,4.4,5.575,10.06,66615,34.42
2024-03-04T16:00:00.000Z,1.672,90,0.2483,2101,1.077,13.09,454.2,20.312,0.1819,1.1226,89.3,1.41,9365,0.78,129.953,112.49,0.1462,42.84,149.8,12.427,1.112,0.572,4.428,4.369,0.586,0.43,12.506,0.1403,10.04,3555.7,0.7575,32.6,4.32,5.54,9.98,66668,34.49
2024-03-04T17:00:00.000Z,1.628,88.5,0.243,2058,1.043,12.81,449.4,19.908,0.174,1.1048,86.3,1.402,9178,0.768,127.938,110.62,0.1455,41.88,148.4,12.112,1.071,0.577,4.32,4.251,0.571,0.421,12.129,0.1404,9.73,3552,0.7311,31.3,4.2,5.522,9.76,66967,34.3
2024-03-04T18:00:00.000Z,1.673,89.4,0.2494,2100,1.072,13.08,449.1,20.278,0.1754,1.1392,89.5,1.422,9393,0.778,130.292,113.56,0.1475,42.47,149.2,12.314,1.102,0.589,4.431,4.323,0.583,0.436,12.359,0.1401,9.92,3603.1,0.7572,32,4.34,5.476,10.03,66714,35.16
2024-03-04T19:00:00.000Z,1.679,89.9,0.2509,2103,1.082,13.16,454,20.378,0.1788,1.1418,89.8,1.434,9445,0.78,130.076,114.05,0.1479,42.73,149.4,12.447,1.109,0.575,4.457,4.338,0.587,0.44,12.343,0.1402,9.95,3599.6,0.7521,32.4,4.35,5.489,10.05,67476,35.13
2024-03-04T20:00:00.000Z,1.676,88.9,0.2505,2092,1.074,13.29,454.8,20.458,0.1756,1.137,89.5,1.42,9511,0.773,129.909,114.54,0.1469,42.32,150.4,12.348,1.103,0.571,4.443,4.314,0.584,0.436,12.268,0.1403,9.89,3590,0.7444,32.3,4.33,5.516,10.07,67523,34.86
2024-03-04T21:00:00.000Z,1.691,88.5,0.2507,2107,1.082,13.51,459.7,20.518,0.1761,1.1479,89.9,1.433,9542,0.772,130.737,114.59,0.147,42.5,150.3,12.46,1.107,0.583,4.454,4.335,0.589,0.44,12.418,0.1405,10.05,3586.3,0.7627,32.7,4.37,5.554,10.16,67526,34.93
2024-03-04T22:00:00.000Z,1.699,89.2,0.2517,2105,1.084,13.45,468.7,20.544,0.18,1.1477,89.9,1.433,9536,0.773,131.089,114.73,0.1463,42.99,149.8,12.481,1.114,0.583,4.463,4.366,0.593,0.445,12.432,0.1403,10.02,3613.4,0.7619,33.1,4.39,5.602,10.36,68031,36.52
2024-03-04T23:00:00.000Z,1.7,89.1,0.2512,2097,1.077,13.4,474.3,20.455,0.1824,1.1467,89.5,1.423,9507,0.77,133.659,114.48,0.1462,43.17,150.2,12.473,1.106,0.57,4.418,4.344,0.591,0.443,12.38,0.1406,9.88,3633.9,0.7728,32.8,4.39,5.589,10.04,68354,36
2024-03-05T00:00:00.000Z,1.686,89.4,0.2455,2109,1.041,13.42,459.9,20.22,0.1993,1.1258,88.1,1.401,9552,0.772,132.095,114.09,0.1481,42.32,149.6,12.484,1.149,0.564,4.4,4.277,0.579,0.433,12.444,0.1405,9.9,3625.5,0.7535,32.9,4.36,5.594,10.13,68189,36.09
2024-03-05T01:00:00.000Z,1.706,91.2,0.2497,2109,1.059,13.47,463.3,20.276,0.2046,1.1416,89.6,1.423,9614,0.78,132.609,115.52,0.1502,42.66,150.7,12.443,1.147,0.561,4.436,4.32,0.582,0.434,12.579,0.1407,9.97,3651.9,0.7512,33.2,4.34,5.626,10.35,68749,36.02
2024-03-05T02:00:00.000Z,1.687,89.3,0.2455,2082,1.045,13.52,461.4,20.121,0.1952,1.1197,89,1.411,9570,0.768,130.251,115.89,0.1494,42.1,149.7,12.274,1.136,0.553,4.345,4.269,0.574,0.426,12.419,0.1405,9.85,3629.7,0.7371,32.6,4.23,5.601,10.15,68310,35.71
2024-03-05T03:00:00.000Z,1.688,89.4,0.244,2098,1.043,13.69,460.9,20.181,0.1963,1.1273,89.2,1.411,9697,0.772,130.385,117.61,0.151,42.18,150.4,12.296,1.12,0.56,4.338,4.264,0.577,0.427,12.599,0.1405,9.84,3700.8,0.7415,32.6,4.26,5.664,10.04,68306,37.62
2024-03-05T04:00:00.000Z,1.744,89.2,0.244,2133,1.06,15.55,449.6,20.653,0.1817,1.1204,92.7,1.409,9892,0.76,130.005,115.81,0.1462,42.33,147.3,12.472,1.099,0.559,4.539,4.31,0.579,0.431,12.954,0.1401,9.96,3701,0.743,33.4,4.39,5.628,10.39,67438,37.86
2024-03-05T05:00:00.000Z,1.754,91.1,0.2494,2161,1.082,16,450.3,21.012,0.1826,1.1397,93.5,1.423,10134,0.773,132.927,117.39,0.1478,43.2,147.3,12.68,1.1,0.564,4.524,4.429,0.582,0.434,13.232,0.1397,10.32,3722.2,0.7483,33.8,4.46,5.678,10.37,67047,38.22
2024-03-05T06:00:00.000Z,1.768,90.1,0.2516,2196,1.084,15.84,452,20.835,0.185,1.1375,94,1.452,10392,0.771,131.996,117.01,0.1488,43.38,150,12.647,1.107,0.56,4.475,4.453,0.591,0.443,13.114,0.14,10.32,3716.6,0.7634,34.3,4.47,5.731,10.2,67399,38.15
2024-03-05T07:00:00.000Z,1.751,89.1,0.2497,2144,1.065,16.07,441.9,20.485,0.1779,1.1182,92.5,1.453,10722,0.756,129.757,115.33,0.148,42.64,150.3,12.689,1.097,0.551,4.41,4.364,0.597,0.433,12.988,0.14,10.56,3680,0.7704,33.8,4.47,5.624,10.22,66261,37.22
2024-03-05T08:00:00.000Z,1.77,90.2,0.2536,2169,1.078,16.2,444.2,20.561,0.1798,1.1237,94,1.47,10498,0.763,130.311,117.27,0.1509,43.3,150.4,12.754,1.102,0.564,4.51,4.335,0.601,0.444,13.144,0.1397,10.65,3697.4,0.7797,33.9,4.54,5.681,10.26,66995,37.44
2024-03-05T09:00:00.000Z,1.818,90.1,0.2538,2171,1.082,16.67,445.9,20.695,0.1783,1.1262,94.7,1.481,10634,0.778,130.387,118.03,0.15,43.24,149.1,12.755,1.109,0.571,4.666,4.42,0.601,0.445,13.41,0.1398,10.61,3694.9,0.7818,34.2,4.64,5.666,10.2,66517,37.27
2024-03-05T10:00:00.000Z,1.822,90.1,0.255,2189,1.096,16.83,448.4,20.782,0.1843,1.1441,94.6,1.485,10461,0.776,131.768,118.41,0.1501,43.14,149.1,12.83,1.12,0.573,4.677,4.406,0.607,0.446,13.329,0.1398,10.62,3717.4,0.7694,34.1,4.64,5.79,10.23,66940,37.98
2024-03-05T11:00:00.000Z,1.831,89.8,0.2553,2179,1.112,16.67,445.5,20.752,0.1811,1.1376,93.4,1.469,10349,0.77,130.872,117.41,0.1504,42.81,147.8,12.751,1.127,0.566,4.619,4.353,0.604,0.449,13.08,0.1397,10.49,3739,0.7646,34.2,4.44,5.781,10.24,66760,38.4
2024-03-05T12:00:00.000Z,1.825,89.5,0.2568,2191,1.091,16.07,450.7,20.697,0.1863,1.1485,93.4,1.452,10401,0.776,132.381,117.36,0.1499,42.99,149.5,12.744,1.12,0.564,4.69,4.358,0.604,0.448,13.162,0.14,10.47,3763.5,0.7651,34.5,4.48,5.832,10.21,67448,38.99
2024-03-05T13:00:00.000Z,1.809,90.6,0.2573,2170,1.091,16.08,451.7,20.601,0.1898,1.1384,94.1,1.455,10365,0.778,132.935,117.68,0.1492,42.99,148.8,12.767,1.121,0.565,4.615,4.352,0.61,0.46,13.22,0.14,10.48,3782.4,0.7447,34.6,4.38,5.92,10.18,67875,38.57
2024-03-05T14:00:00.000Z,1.77,90.2,0.2564,2126,1.076,15.44,446.8,20.523,0.1884,1.13,93,1.455,10337,0.777,137.311,117.17,0.1482,43.23,148.5,12.661,1.12,0.555,4.515,4.308,0.61,0.459,13.073,0.1398,10.49,3810.8,0.7372,34.3,4.33,5.893,9.98,68930,38.49
2024-03-05T15:00:00.000Z,1.805,88.6,0.2528,2098,1.073,15.12,434.7,20.527,0.1734,1.1159,92.1,1.439,10721,0.756,139.329,115.87,0.1437,44.17,148,12.756,1.105,0.559,4.323,4.368,0.596,0.439,13.405,0.1394,10.32,3787.6,0.738,34.3,4.29,5.696,9.73,66838,37.31
2024-03-05T16:00:00.000Z,1.791,86.7,0.2477,2076,1.054,15.22,423,20.127,0.1659,1.0882,88.9,1.411,10251,0.734,133.159,112.82,0.1403,42.39,142,12.555,1.095,0.547,4.262,4.295,0.587,0.434,13.137,0.1384,10,3695.1,0.7394,33.3,4.17,5.557,9.55,65549,36.39
2024-03-05T17:00:00.000Z,1.859,86.9,0.2477,2111,1.056,15.43,426.4,20.184,0.1648,1.0979,87.7,1.409,10144,0.736,135.247,112.96,0.1406,42.65,144.7,12.849,1.107,0.552,4.283,4.406,0.591,0.432,13.717,0.1384,10.11,3693.1,0.743,33.5,4.19,5.576,9.51,65643,36.24
2024-03-05T18:00:00.000Z,1.81,85.2,0.2463,2085,1.044,15.14,418.9,19.907,0.1578,1.0779,87,1.389,10037,0.723,131.363,111.25,0.1398,41.46,145,12.805,1.114,0.539,4.21,4.409,0.588,0.427,13.417,0.1383,9.87,3619.2,0.7239,33,4.17,5.434,9.32,64061,35.59
2024-03-05T19:00:00.000Z,1.566,77.2,0.2162,1903,0.929,12.71,374.9,17.721,0.139,0.9844,77.7,1.25,8961,0.633,119.808,98.91,0.1275,37.32,132.9,11.491,0.986,0.47,3.75,3.809,0.511,0.369,12.064,0.135,8.91,3374,0.6306,28.7,3.65,4.835,8.36,61571,31.09
2024-03-05T20:00:00.000Z,1.574,78.1,0.2187,1919,0.937,13.3,379.5,18.011,0.1366,0.9875,77.3,1.253,8955,0.658,118.736,99.59,0.1273,37.53,135.6,11.437,0.992,0.48,3.822,3.875,0.511,0.375,11.966,0.1351,8.89,3396.4,0.6389,28.8,3.69,4.893,8.48,61970,31.86
2024-03-05T21:00:00.000Z,1.65,81,0.2267,1985,0.981,13.92,393.5,18.8,0.1514,1.0163,80.9,1.297,9333,0.679,121.626,103.7,0.1315,38.8,141.8,11.921,1.024,0.501,3.982,4.014,0.532,0.394,12.714,0.1357,9.23,3525.6,0.6671,29.6,3.79,5.027,8.82,63378,33.05
2024-03-05T22:00:00.000Z,1.656,81.4,0.2264,1988,0.981,14.01,391.9,18.753,0.1538,1.0172,80.9,1.294,9280,0.679,122.111,103.74,0.1307,38.79,141.6,11.866,1.019,0.5,3.94,4.024,0.533,0.395,12.752,0.1354,9.22,3510.9,0.6667,29.5,3.76,5.077,8.81,63474,33.36
2024-03-05T23:00:00.000Z,1.7,82.1,0.2322,2000,0.997,14.09,401.4,19.014,0.1534,1.0344,82.3,1.307,9374,0.695,125.819,105.65,0.1325,39.5,142,12.022,1.026,0.505,4.018,4.254,0.541,0.406,13.253,0.1361,9.33,3561.8,0.6723,30.4,3.9,5.113,8.9,63891,34.21
2024-03-06T00:00:00.000Z,1.681,81.6,0.228,1987,0.994,13.96,395,18.919,0.153,1.0263,81.7,1.309,9235,0.686,123.795,105,0.1319,38.98,142.8,11.965,1.018,0.499,4.005,4.115,0.538,0.428,13.102,0.1367,9.27,3569,0.668,30.3,3.91,5.093,8.78,63520,33.9
2024-03-06T01:00:00.000Z,1.645,80.3,0.2259,1975,0.979,13.85,389.9,18.711,0.1496,1.0131,80.6,1.288,9101,0.679,122.513,104.02,0.1301,38.67,142.8,11.803,0.997,0.494,3.951,4.09,0.529,0.415,12.806,0.1361,9.15,3523.2,0.6598,29.8,3.88,5.01,8.69,63185,33.56
2024-03-06T02:00:00.000Z,1.614,80.1,0.221,1936,0.959,13.68,386.3,18.43,0.1466,0.9951,78.7,1.267,8947,0.668,120.383,102.36,0.1284,38.04,138.9,11.566,0.977,0.48,3.873,4.026,0.517,0.391,12.578,0.1355,8.95,3509,0.6457,29.3,3.76,4.942,8.53,62868,33.09
2024-03-06T03:00:00.000Z,1.653,81.6,0.2253,1970,0.989,13.83,392.6,18.654,0.1513,1.0112,80.5,1.289,9092,0.677,122.641,104.25,0.1304,38.65,140.1,11.77,0.987,0.487,3.962,4.063,0.529,0.407,13.344,0.1361,9.11,3541.8,0.6608,29.9,3.82,5.009,8.66,63366,33.74
2024-03-06T04:00:00.000Z,1.817,83.1,0.2331,2012,1.05,14.16,403.4,19.046,0.1612,1.0384,83.6,1.325,9449,0.699,126.009,107.95,0.1324,39.75,143.6,12.246,1.003,0.505,4.106,4.16,0.566,0.416,14.389,0.1366,9.41,3652.9,0.686,30.8,3.89,5.152,8.96,64670,34.96
2024-03-06T05:00:00.000Z,1.778,85.2,0.2382,2056,1.058,14.41,409.8,19.39,0.1673,1.0548,86.6,1.357,9555,0.724,129.564,110.59,0.1342,40.4,145.9,12.351,1.035,0.522,4.139,4.219,0.566,0.423,14.46,0.1371,9.6,3776.3,0.6996,31.2,3.96,5.3,9.34,66516,36.09
2024-03-06T06:00:00.000Z,1.846,85.1,0.2401,2060,1.103,14.29,409,19.414,0.1663,1.0613,87.8,1.363,9578,0.719,132.316,112.2,0.1346,40.69,146.9,12.346,1.043,0.533,4.179,4.256,0.627,0.433,14.809,0.1377,9.73,3752.6,0.7065,31.6,4,5.278,9.34,65829,35.88
2024-03-06T07:00:00.000Z,1.893,86,0.2428,2095,1.1,14.78,412.7,19.535,0.1683,1.0745,88.3,1.366,9625,0.736,133.377,112.5,0.1368,41.19,147.9,12.462,1.05,0.54,4.238,4.335,0.605,0.429,14.819,0.1378,10.25,3790.9,0.7299,31.7,4.03,5.343,9.5,66753,36.32
2024-03-06T08:00:00.000Z,1.88,86.2,0.2412,2119,1.088,14.79,417,19.548,0.1708,1.0796,88.1,1.371,9682,0.744,132.42,112.54,0.1372,41.14,149.9,12.489,1.049,0.541,4.268,4.426,0.591,0.425,15.016,0.1381,10.05,3830.3,0.7368,31.7,4.05,5.369,9.56,67014,36.81
2024-03-06T09:00:00.000Z,1.931,84.5,0.2363,2084,1.098,14.12,408.2,19.437,0.1672,1.057,86.9,1.341,9495,0.727,129.516,112.58,0.1352,40.68,150.8,12.35,1.023,0.529,4.263,4.437,0.602,0.42,15.57,0.1381,9.9,3799.1,0.7778,31.2,3.98,5.288,9.34,66234,36.12
2024-03-06T10:00:00.000Z,1.956,85.3,0.2393,2098,1.11,14.46,409.9,19.599,0.1691,1.0659,87.5,1.351,9599,0.73,130.859,112.92,0.1367,40.84,149.4,12.48,1.032,0.544,4.265,4.522,0.611,0.436,15.777,0.1377,10.07,3846.2,0.8147,31.5,3.98,5.34,9.54,66773,36.91
2024-03-06T11:00:00.000Z,1.966,85.2,0.2398,2101,1.143,14.48,409,19.603,0.1688,1.0734,87.9,1.36,9634,0.735,131.973,113.67,0.1371,40.91,148.4,12.452,1.033,0.539,4.275,4.477,0.617,0.45,15.614,0.1377,10.14,3883.5,0.8018,31.4,3.97,5.369,9.64,67386,37.49
2024-03-06T12:00:00.000Z,2.046,83.3,0.235,2069,1.11,14.21,399.4,19.316,0.1615,1.0559,86.1,1.338,9501,0.711,127.955,117.57,0.1336,40.08,145.8,12.241,1.01,0.524,4.257,4.44,0.605,0.451,15.657,0.1371,9.9,3822.4,0.7852,30.5,3.82,5.241,9.29,65999,36.78
2024-03-06T13:00:00.000Z,1.976,83.8,0.2377,2082,1.129,14.23,399.6,19.437,0.1636,1.0656,87.5,1.342,9569,0.717,128.221,116.11,0.1345,40.08,144.5,12.264,1.01,0.524,4.19,4.394,0.606,0.468,15.868,0.137,9.93,3836,0.8146,30.9,3.88,5.25,9.41,66435,36.95
2024-03-06T14:00:00.000Z,2.004,83.1,0.2384,2064,1.121,14.07,405.3,19.275,0.1593,1.0694,86.6,1.331,9524,0.713,127.447,119.16,0.1331,39.52,145.1,12.165,1.006,0.522,4.206,4.48,0.618,0.492,16.2,0.1371,9.94,3788,0.8144,30.8,3.85,5.211,9.23,65969,36.52
2024-03-06T15:00:00.000Z,1.938,83,0.2398,2063,1.137,14.14,401.4,19.383,0.1608,1.0715,87,1.324,9616,0.718,128.401,121.04,0.1334,39.71,146.9,12.221,1.009,0.529,4.263,4.802,0.612,0.475,15.775,0.1372,10,3794.8,0.8152,30.9,3.9,5.214,9.31,66589,36.92
2024-03-06T16:00:00.000Z,1.919,83.9,0.2453,2082,1.119,14.35,406.2,19.585,0.1614,1.0781,88.2,1.332,9644,0.723,129.452,121.4,0.1338,40.36,144.7,12.418,1.024,0.529,4.289,5.339,0.609,0.473,15.763,0.1372,10.15,3820,0.8024,31.4,3.94,5.266,9.51,67190,37.16
2024-03-06T17:00:00.000Z,1.921,84.3,0.249,2096,1.143,15.03,410.1,19.801,0.1616,1.0871,88.5,1.351,9607,0.723,130.222,125.96,0.1342,41,145.1,12.734,1.037,0.544,4.326,5.422,0.608,0.49,15.749,0.1375,10.2,3853,0.7913,31.5,3.93,5.303,10.21,67450,37.25
2024-03-06T18:00:00.000Z,1.904,84.4,0.2489,2084,1.149,14.98,413.9,19.938,0.1573,1.0876,88.2,1.35,9603,0.724,130.529,125.08,0.1345,40.93,144.3,13.181,1.038,0.539,4.357,5.549,0.606,0.493,15.769,0.1377,10.38,3869,0.7915,31.5,3.92,5.307,9.98,67216,37.7
2024-03-06T19:00:00.000Z,1.944,84.4,0.2488,2061,1.144,14.86,412.7,19.97,0.1601,1.0827,88.5,1.351,9629,0.729,131.026,124.57,0.1345,40.87,142.6,13.165,1.04,0.536,4.358,5.397,0.613,0.498,15.907,0.1377,10.23,3858.3,0.7998,31.9,3.92,5.294,9.93,66846,37.65
2024-03-06T20:00:00.000Z,1.93,84.3,0.2523,2079,1.167,15.06,414.6,20.027,0.1585,1.0891,88,1.36,9644,0.728,131.633,125.71,0.1356,41.17,144,13.65,1.047,0.536,4.368,5.361,0.617,0.526,16.105,0.1377,10.31,3872,0.8139,32,3.95,5.32,10.08,67048,37.85
2024-03-06T21:00:00.000Z,1.934,85.4,0.2521,2092,1.189,15.15,416.8,20.178,0.1593,1.1015,89.1,1.386,9788,0.733,132.528,125.22,0.1371,42.08,143,13.862,1.058,0.542,4.418,5.86,0.623,0.52,15.907,0.1378,10.48,3853,0.8075,32.4,3.97,5.342,10.11,66542,37.62
2024-03-06T22:00:00.000Z,1.906,84.8,0.2543,2082,1.187,15.05,414,20.018,0.1568,1.0995,88.2,1.382,9691,0.732,130.868,126.01,0.1368,41.51,143.4,14.019,1.055,0.541,4.381,5.749,0.62,0.523,15.572,0.1378,10.46,3815.8,0.8065,32.4,3.98,5.292,10.23,65974,37.29
2024-03-06T23:00:00.000Z,1.892,86,0.2599,2085,1.189,15.36,415.3,20.115,0.1581,1.1197,89.4,1.402,9662,0.736,130.9,127.88,0.1383,41.57,143.6,14.197,1.072,0.539,4.378,5.909,0.636,0.532,15.434,0.1377,10.54,3822.2,0.8021,33,3.96,5.305,10.09,66146,37.08
2024-03-07T00:00:00.000Z,1.907,86.4,0.273,2102,1.165,15.54,418.9,20.359,0.1592,1.1298,90.2,1.42,9780,0.747,134.809,125.27,0.1394,42.93,144.5,14.173,1.091,0.548,4.514,5.954,0.628,0.518,15.443,0.138,10.91,3842.1,0.8077,33.4,4.03,5.382,10.05,66284,37.44
2024-03-07T01:00:00.000Z,1.896,86.7,0.2709,2102,1.171,15.44,414.2,20.35,0.1615,1.132,89.9,1.44,9754,0.75,137.567,124.11,0.14,43.58,147.1,14.177,1.075,0.545,4.522,5.807,0.624,0.538,15.253,0.1381,10.77,3835.5,0.7985,33.8,4,5.433,9.98,66439,37.25
2024-03-07T02:00:00.000Z,1.873,85.8,0.2668,2085,1.164,15.21,412.9,20.216,0.1569,1.1315,89.3,1.453,9600,0.742,141.231,123.49,0.1409,43.65,144.6,14,1.084,0.535,4.495,5.906,0.619,0.518,15.082,0.1381,10.72,3788,0.7856,33.8,4,5.434,9.84,66155,37.22
2024-03-07T03:00:00.000Z,1.85,84.8,0.2608,2087,1.167,15.21,406.1,19.967,0.1522,1.1292,88.1,1.461,9496,0.738,138.349,122.63,0.1434,42.97,143.4,13.954,1.08,0.526,4.481,5.739,0.614,0.524,14.9,0.1376,10.51,3778.9,0.7785,33.6,4,5.394,9.91,65907,36.65
2024-03-07T04:00:00.000Z,1.864,84.6,0.2651,2092,1.186,15.14,406.8,19.924,0.1521,1.1211,88,1.505,9518,0.733,138.042,122.21,0.1415,42.53,143.7,13.835,1.087,0.528,4.473,5.65,0.614,0.55,15.15,0.1377,10.48,3782,0.7823,33.5,4,5.405,9.88,65887,36.86
2024-03-07T05:00:00.000Z,1.834,83.7,0.2608,2052,1.171,14.85,400.6,19.703,0.1484,1.1044,85.9,1.43,9321,0.724,137.549,121.43,0.139,41.91,140.6,13.642,1.078,0.518,4.374,5.587,0.602,0.523,14.897,0.1373,10.34,3757.5,0.7703,32.8,3.91,5.323,9.76,65851,36.26
2024-03-07T06:00:00.000Z,1.854,84.4,0.2638,2068,1.234,14.83,401.9,19.754,0.1497,1.1167,87.2,1.431,9415,0.728,139.138,124.78,0.141,42.38,140.2,13.611,1.087,0.529,4.42,5.722,0.612,0.529,14.954,0.1374,10.35,3773.6,0.7777,33.1,3.93,5.362,9.79,65934,36.51
2024-03-07T07:00:00.000Z,1.871,85,0.2644,2083,1.206,14.8,406.3,19.952,0.1513,1.1288,87.9,1.435,9462,0.739,138.45,124.62,0.1419,42.68,140.9,13.82,1.092,0.537,4.49,5.585,0.62,0.544,14.996,0.1377,10.42,3790.2,0.7735,33.5,3.98,5.462,9.91,66462,36.99
2024-03-07T08:00:00.000Z,1.903,85.6,0.2669,2094,1.221,14.78,409.4,19.941,0.153,1.135,88.3,1.435,9543,0.734,141.121,125.62,0.1417,42.75,143.1,13.969,1.096,0.54,4.51,5.719,0.625,0.566,15.039,0.1377,10.49,3794.8,0.7838,33.6,4,5.716,9.78,66684,36.84
2024-03-07T09:00:00.000Z,1.897,85.3,0.2669,2101,1.24,14.76,409.6,19.925,0.1538,1.1386,88.7,1.445,9637,0.735,139.834,124.35,0.141,42.85,143.2,13.859,1.092,0.543,4.508,5.71,0.623,0.543,14.944,0.1375,10.43,3788.8,0.7926,33.9,4.02,5.861,9.82,66775,36.89
2024-03-07T10:00:00.000Z,1.909,86.4,0.2676,2095,1.223,14.71,423.3,19.9,0.1546,1.1364,88.7,1.437,9685,0.733,139.039,124.35,0.1419,42.92,143.2,13.836,1.113,0.541,4.516,5.638,0.623,0.524,14.919,0.1371,10.41,3799.7,0.7975,33.5,4.03,6.075,9.8,66980,37.45
2024-03-07T11:00:00.000Z,1.931,86,0.2685,2091,1.222,14.56,412.4,19.937,0.1535,1.1341,88.8,1.425,9628,0.739,140.46,123.97,0.1407,42.89,143.5,13.79,1.102,0.541,4.511,5.594,0.629,0.523,14.882,0.1372,10.47,3790.6,0.7941,33.9,4.01,6.061,9.86,66953,37.15
2024-03-07T12:00:00.000Z,1.934,85.3,0.2725,2085,1.208,14.52,411.1,19.868,0.1502,1.1305,88.2,1.42,9588,0.732,142.674,124.55,0.1394,42.77,144.2,13.827,1.092,0.538,4.473,5.565,0.625,0.518,14.812,0.1372,10.34,3785.4,0.79,33.6,4,6.004,9.74,66791,36.81
2024-03-07T13:00:00.000Z,1.931,85.9,0.2756,2103,1.204,14.59,422.7,19.938,0.1525,1.1423,89,1.429,9733,0.735,145.061,125.32,0.1406,43.59,145.9,13.885,1.097,0.549,4.453,5.495,0.635,0.509,14.706,0.1369,10.4,3811.2,0.7949,33.6,4.02,6.01,9.73,66970,37.29
2024-03-07T14:00:00.000Z,1.97,86.5,0.2708,2103,1.211,14.7,419.6,20,0.1545,1.1509,88.8,1.424,9795,0.738,148.726,127.5,0.1398,44.49,146.4,13.746,1.087,0.558,4.454,5.54,0.639,0.512,14.823,0.1368,10.34,3815.2,0.7913,33.8,4.05,6.046,9.8,67142,37.27
2024-03-07T15:00:00.000Z,1.981,86.8,0.27,2096,1.212,14.82,427.9,20.133,0.1591,1.1599,89.2,1.433,9844,0.746,146.384,129.1,0.141,43.87,147.2,13.8,1.082,0.558,4.463,5.53,0.633,0.513,15.153,0.1367,10.45,3842.8,0.7869,33.7,4.03,6.217,9.85,67374,37.65
2024-03-07T16:00:00.000Z,1.952,86.5,0.2654,2096,1.202,14.78,432.5,20.165,0.1535,1.1673,89.2,1.429,9844,0.742,147.361,129.21,0.1399,43.75,144.4,13.848,1.084,0.556,4.463,5.547,0.631,0.503,14.972,0.1369,10.38,3836,0.7921,33.6,4.08,6.345,9.76,67409,37.27
2024-03-07T17:00:00.000Z,1.946,86.9,0.2697,2094,1.202,14.88,428,20.164,0.1553,1.1706,89.3,1.442,9936,0.747,147.052,128.15,0.141,43.88,145.9,13.835,1.09,0.558,4.501,5.565,0.632,0.507,14.939,0.1373,10.41,3864,0.792,33.7,4.07,6.317,9.92,67738,37.55
2024-03-07T18:00:00.000Z,1.972,88.4,0.2735,2100,1.21,14.98,431.5,20.239,0.1584,1.1635,89.6,1.456,10199,0.754,149.387,128.17,0.1413,44.2,146.2,13.786,1.237,0.576,4.516,5.575,0.635,0.514,14.929,0.1373,10.47,3885,0.7929,34.1,4.11,6.45,10.2,67703,37.91
2024-03-07T19:00:00.000Z,1.958,88.9,0.2795,2096,1.208,14.89,434.2,20.134,0.1563,1.1708,89,1.46,10292,0.756,149.105,129.48,0.1425,43.91,144.4,13.768,1.194,0.589,4.506,5.553,0.634,0.515,14.847,0.1374,10.45,3876.3,0.7929,34,4.14,6.655,10.22,67607,37.68
2024-03-07T20:00:00.000Z,1.959,89.1,0.2766,2108,1.206,14.85,433.8,20.168,0.1582,1.1725,89,1.473,10394,0.749,146.998,131.42,0.1419,43.9,145.4,13.817,1.221,0.59,4.534,5.532,0.634,0.512,14.923,0.1374,10.44,3941,0.7985,34.2,4.18,6.667,10.12,67657,38.19
2024-03-07T21:00:00.000Z,2.003,89.4,0.2819,2094,1.213,14.96,438.3,20.105,0.1541,1.1696,90,1.478,10393,0.748,145.623,131.47,0.1421,43.62,145.4,13.929,1.208,0.584,4.567,5.526,0.64,0.515,14.917,0.1374,10.47,3877,0.8048,34.3,4.16,6.788,10.02,67377,38
2024-03-07T22:00:00.000Z,1.999,89.1,0.2807,2108,1.206,14.97,434,20.091,0.1543,1.1659,89.4,1.483,10245,0.746,145.03,131.27,0.1423,43.42,145.8,13.89,1.222,0.574,4.529,5.527,0.634,0.518,14.828,0.1374,10.42,3864.5,0.8021,34.2,4.17,6.83,9.95,67278,38.21
2024-03-07T23:00:00.000Z,2.022,88.3,0.2804,2105,1.206,14.95,432.6,20.16,0.1581,1.1628,89.9,1.48,10383,0.749,144.232,134.11,0.1426,43.34,144.5,13.927,1.25,0.568,4.512,5.547,0.632,0.516,14.911,0.1374,10.43,3875.6,0.7955,34.2,4.19,6.985,9.96,66955,38.05
2024-03-08T00:00:00.000Z,2.002,88.7,0.2747,2122,1.19,15.08,435.3,20.282,0.1598,1.1743,90.2,1.476,10248,0.75,145.807,130.44,0.1429,43.7,144.4,13.894,1.293,0.572,4.532,5.391,0.631,0.515,15.241,0.1374,10.63,3913.7,0.8169,34.6,4.17,6.953,10.23,67188,38.69
2024-03-08T01:00:00.000Z,1.996,88.3,0.2737,2105,1.168,14.85,432.5,20.13,0.1646,1.164,89.8,1.458,10272,0.748,144.986,129.63,0.1416,43.35,145.2,13.76,1.298,0.569,4.505,5.397,0.624,0.517,15.215,0.1374,10.42,3912.2,0.796,34.3,4.15,7.124,10.14,67092,39.16
2024-03-08T02:00:00.000Z,1.963,88.5,0.2722,2096,1.154,14.67,433.6,19.993,0.1675,1.158,89.2,1.44,10287,0.739,145.222,129.24,0.1414,43.14,144.2,13.657,1.273,0.565,4.475,5.356,0.618,0.521,15.021,0.1374,10.43,3909.5,0.7927,34.1,4.12,7.123,10.09,67193,38.6
2024-03-08T03:00:00.000Z,1.967,88.9,0.273,2093,1.163,14.74,432.8,20.006,0.1683,1.1588,89.2,1.446,10237,0.741,144.459,129.2,0.1404,43.02,144.3,13.655,1.26,0.562,4.47,5.399,0.62,0.516,15.421,0.1374,10.42,3905.7,0.7845,33.9,4.14,7.098,10.09,67222,38.68
2024-03-08T04:00:00.000Z,1.942,88.7,0.2751,2087,1.167,14.77,431.1,19.9,0.1643,1.1622,88.7,1.443,10169,0.74,144.418,129.11,0.1408,42.96,145.1,13.714,1.237,0.56,4.436,5.411,0.618,0.516,15.113,0.1374,10.36,3905,0.7881,33.9,4.16,7.249,10.08,67151,38.89
2024-03-08T05:00:00.000Z,1.936,88.2,0.2742,2073,1.156,14.77,429,19.816,0.163,1.1574,88.6,1.44,10175,0.735,143.06,128.86,0.1408,42.9,146.1,13.729,1.229,0.556,4.426,5.389,0.617,0.521,14.926,0.1372,10.31,3894,0.7863,33.9,4.14,7.469,10.02,67015,38.38
2024-03-08T06:00:00.000Z,1.956,88.6,0.2747,2084,1.161,14.74,433.4,19.911,0.1646,1.1656,88.5,1.443,10233,0.735,145.291,129.94,0.1414,43.46,146.7,13.791,1.223,0.558,4.447,5.435,0.619,0.518,15.13,0.1374,10.41,3936.4,0.7922,33.7,4.16,7.638,10.14,67696,38.64
2024-03-08T07:00:00.000Z,1.952,87.8,0.2795,2091,1.174,14.65,430.1,19.857,0.1652,1.1559,88.5,1.441,10220,0.732,144.805,129.44,0.1413,43.22,147.6,13.509,1.224,0.555,4.436,5.37,0.618,0.523,14.952,0.1375,10.35,3918.7,0.7854,33.8,4.19,7.816,10.29,67402,38.58
2024-03-08T08:00:00.000Z,2.001,87.6,0.2757,2102,1.173,14.6,433.7,19.894,0.1644,1.1601,89.3,1.442,10335,0.735,146.213,131.74,0.1414,43.54,148.8,13.657,1.218,0.561,4.461,5.375,0.62,0.526,15.23,0.1373,10.42,3948.8,0.7902,34.1,4.21,7.958,10.41,67421,38.72
2024-03-08T09:00:00.000Z,2.036,88.1,0.2734,2078,1.172,14.56,440.5,19.876,0.1664,1.1631,89,1.446,10279,0.737,145.556,132.35,0.1421,43.36,147.8,13.597,1.23,0.558,4.447,5.358,0.616,0.521,15.268,0.1379,10.36,3934.7,0.7802,35,4.26,7.816,10.26,67251,39.14
2024-03-08T10:00:00.000Z,1.976,88.1,0.2724,2081,1.175,14.51,435.7,19.9,0.1693,1.162,89.2,1.442,10214,0.736,146.536,132.48,0.1427,43.56,149.3,13.544,1.231,0.555,4.435,5.38,0.617,0.524,15.285,0.1377,10.48,3953.5,0.7803,34.8,4.27,7.709,10.27,67470,38.85
2024-03-08T11:00:00.000Z,1.968,87.9,0.2722,2072,1.162,14.51,435.4,20.033,0.1687,1.1609,88.8,1.437,10283,0.735,149.355,133.11,0.1422,43.6,148.7,13.474,1.207,0.556,4.396,5.385,0.616,0.53,15.077,0.1377,10.46,3958.5,0.7772,34.4,4.2,7.724,10.28,67887,38.75
2024-03-08T12:00:00.000Z,1.969,87.6,0.2737,2078,1.163,14.56,435.4,20.098,0.1675,1.1553,89.2,1.435,10337,0.735,149.152,136.38,0.1446,43.52,149.8,13.515,1.217,0.559,4.409,5.401,0.618,0.527,15.086,0.1378,10.49,3953,0.7818,34.5,4.23,7.579,10.2,67576,38.83
2024-03-08T13:00:00.000Z,1.981,88.4,0.2709,2073,1.149,14.49,436.7,20.029,0.1723,1.1512,88.1,1.441,10219,0.736,149.443,135.49,0.1433,43.54,150.3,13.389,1.214,0.555,4.403,5.369,0.614,0.51,14.924,0.1378,10.45,3982.4,0.7697,34.3,4.27,7.587,10.04,67952,38.87
2024-03-08T14:00:00.000Z,1.954,88.9,0.2704,2079,1.154,14.49,437.2,20.159,0.1692,1.1497,87.8,1.44,10209,0.739,151.897,133.61,0.1426,43.85,150.8,13.318,1.199,0.555,4.366,5.427,0.616,0.527,14.859,0.1378,10.53,3986.5,0.7714,34.5,4.2,7.594,10.13,68625,38.82
2024-03-08T15:00:00.000Z,1.947,86.8,0.2645,2028,1.147,14.3,436.4,19.755,0.1638,1.1207,85.7,1.417,9861,0.722,145.722,131.85,0.1399,42.43,147.7,13.182,1.185,0.54,4.259,5.354,0.608,0.521,14.557,0.1367,10.24,3910,0.762,33.9,4.15,7.38,10.16,67750,38.05
2024-03-08T16:00:00.000Z,1.989,87.7,0.2672,2032,1.153,14.45,434.4,19.942,0.1662,1.1313,86.9,1.43,10161,0.726,148.838,133.23,0.1405,42.58,147.3,13.274,1.185,0.563,4.335,5.428,0.609,0.536,14.848,0.1365,10.28,3915.1,0.7669,33.7,4.19,7.433,10.14,67995,38.22
2024-03-08T17:00:00.000Z,1.982,87.6,0.2699,2048,1.163,14.51,439.7,19.882,0.1698,1.1342,87.7,1.446,10117,0.732,149.921,132.14,0.1417,42.84,148.6,13.379,1.204,0.57,4.312,5.55,0.616,0.544,14.819,0.1369,10.57,3950.8,0.7669,34,4.18,7.468,11.01,68501,38.48
2024-03-08T18:00:00.000Z,1.959,87.3,0.2684,2055,1.152,14.54,432.4,19.781,0.1693,1.1293,86.7,1.439,10030,0.725,148.407,131.02,0.1407,42.58,149.2,13.227,1.203,0.57,4.29,5.494,0.612,0.559,14.665,0.1367,10.52,3937.1,0.7614,33.9,4.18,7.432,11.43,68707,38.18
2024-03-08T19:00:00.000Z,1.947,87.2,0.2668,2057,1.148,14.65,432.2,19.805,0.1681,1.1309,85.9,1.428,10010,0.724,148.276,131.48,0.1408,42.66,150.3,13.261,1.197,0.565,4.293,5.58,0.607,0.561,14.65,0.1366,10.5,3939.4,0.764,33.6,4.18,7.355,11.7,69017,38.13
2024-03-08T20:00:00.000Z,1.945,88.2,0.2674,2062,1.152,14.65,436.1,19.737,0.1701,1.1334,85.8,1.437,10096,0.727,146.816,131.7,0.1414,42.71,150.3,13.322,1.201,0.593,4.289,5.623,0.608,0.561,14.601,0.1369,10.5,3951.1,0.7651,34.1,4.18,7.373,11.71,69326,38.47
2024-03-08T21:00:00.000Z,1.944,87.2,0.267,2078,1.153,14.61,432.5,19.654,0.1664,1.1285,85.7,1.435,10136,0.724,144.569,132.86,0.1413,42.49,147.9,13.241,1.183,0.6,4.273,5.677,0.605,0.561,14.575,0.1369,10.48,3915.4,0.7644,34.3,4.22,7.232,11.63,68413,38.02
2024-03-08T22:00:00.000Z,1.956,88,0.2706,2093,1.167,14.76,436.8,19.703,0.1654,1.1269,86.3,1.44,10136,0.724,144.632,131.56,0.142,42.67,147.1,13.415,1.192,0.59,4.309,5.659,0.608,0.575,14.645,0.1369,10.63,3888.6,0.7612,34.6,4.25,7.228,11.77,68305,38.09
2024-03-08T23:00:00.000Z,1.954,88.6,0.2721,2097,1.162,14.69,437.6,19.751,0.1651,1.1273,86.3,1.443,10136,0.725,145.039,133.01,0.1421,42.74,147.4,13.445,1.199,0.589,4.302,5.763,0.607,0.558,14.63,0.1369,10.68,3893.6,0.7659,34.8,4.25,7.288,11.49,68274,38.22
2024-03-09T00:00:00.000Z,1.947,89.5,0.2687,2120,1.171,14.65,455.2,19.888,0.1683,1.1277,87.1,1.44,10238,0.73,146.625,130.63,0.1421,42.95,147.9,13.413,1.193,0.59,4.32,5.643,0.606,0.544,14.896,0.137,10.71,3914.8,0.775,34.6,4.29,7.312,11.67,68277,39.08
2024-03-09T01:00:00.000Z,1.95,89.1,0.268,2123,1.167,14.84,449.5,19.782,0.1692,1.1308,87,1.449,10283,0.729,145.641,131.11,0.1418,42.66,147.9,13.375,1.193,0.589,4.315,5.738,0.608,0.55,14.867,0.137,10.73,3909.7,0.7739,34.7,4.3,7.266,11.77,68069,38.62
2024-03-09T02:00:00.000Z,1.943,89.4,0.2674,2148,1.198,14.77,449.1,19.863,0.1696,1.1339,87.1,1.45,10289,0.731,146.806,131.14,0.1428,42.62,147.4,13.477,1.189,0.593,4.35,5.677,0.612,0.548,14.892,0.1372,10.63,3931.4,0.7885,34.7,4.6,7.282,11.49,68341,38.9
2024-03-09T03:00:00.000Z,1.942,89,0.2691,2164,1.19,14.84,448.5,20.124,0.1698,1.1412,87,1.452,10279,0.731,146.29,131.51,0.1429,42.72,147.4,13.525,1.194,0.606,4.353,5.711,0.615,0.553,15.045,0.137,10.68,3935,0.8052,34.9,4.99,7.325,11.5,68442,38.92
2024-03-09T04:00:00.000Z,1.944,88.6,0.2693,2200,1.186,14.83,446.7,20.149,0.1725,1.1443,87.1,1.456,10210,0.734,147.33,130.93,0.1439,42.95,147.7,13.555,1.212,0.605,4.385,5.857,0.616,0.555,14.931,0.1373,10.71,3933.5,0.7997,35.1,5.2,7.346,11.65,68436,39.14
2024-03-09T05:00:00.000Z,1.937,88.6,0.2724,2249,1.177,14.78,444.5,20.03,0.1715,1.1369,87.7,1.442,10141,0.735,148.632,131.17,0.1433,42.92,146.1,13.598,1.205,0.609,4.345,6.046,0.616,0.551,14.777,0.1372,10.66,3928.6,0.7973,35.4,5.4,7.315,11.64,68394,38.87
2024-03-09T06:00:00.000Z,1.933,88.9,0.2712,2361,1.199,14.89,443.8,20.033,0.1695,1.1351,87.8,1.449,10187,0.735,149.264,131.01,0.1429,43.18,147.8,13.678,1.208,0.6,4.37,6.1,0.629,0.555,14.755,0.1373,10.75,3947,0.8046,35.5,5.16,7.361,11.45,68588,38.91
2024-03-09T07:00:00.000Z,1.94,89.1,0.2731,2396,1.211,15.16,446.6,20.036,0.1682,1.1393,88.5,1.449,10346,0.739,148.752,132.17,0.1429,43.19,147.6,13.753,1.21,0.6,4.415,6.306,0.63,0.554,14.714,0.1367,10.75,3934,0.8082,35.5,5.15,7.469,11.53,68446,38.99
2024-03-09T08:00:00.000Z,1.934,88.6,0.2758,2383,1.214,15.13,443,19.95,0.1671,1.1342,88,1.443,10268,0.736,147.569,130.92,0.1432,42.94,147.6,13.747,1.205,0.6,4.36,6.394,0.62,0.551,14.453,0.1367,10.72,3930.8,0.8056,35.1,4.95,7.409,11.68,68443,39.17
2024-03-09T09:00:00.000Z,1.958,88.5,0.274,2399,1.223,15.16,442.4,19.932,0.1668,1.137,90,1.449,10424,0.738,147.499,131.05,0.1421,43.14,147.5,13.829,1.218,0.614,4.41,6.283,0.629,0.547,14.338,0.1367,10.9,3928.8,0.7969,35.7,4.86,7.37,11.53,68479,38.61
2024-03-09T10:00:00.000Z,1.953,87.6,0.2724,2403,1.217,14.96,431.9,19.86,0.166,1.1359,89.3,1.436,10518,0.729,147.305,131.15,0.1406,42.98,144.8,13.864,1.204,0.62,4.364,6.319,0.622,0.549,14.096,0.1361,10.74,3917.1,0.7963,35.1,4.86,7.428,11.37,68345,38.26
2024-03-09T11:00:00.000Z,1.996,88.2,0.2753,2484,1.238,14.93,434.1,19.956,0.1663,1.139,91.5,1.449,10478,0.732,147.245,134.37,0.1414,43.17,145.6,13.783,1.208,0.627,4.415,6.273,0.626,0.557,14.304,0.1363,10.91,3922.4,0.8239,35.4,4.84,7.501,11.34,68431,38.19
2024-03-09T12:00:00.000Z,1.976,88.5,0.2756,2440,1.239,15.22,435.3,20.137,0.1677,1.1433,90.9,1.459,10464,0.736,146.331,134.99,0.1421,43.37,146.7,13.842,1.212,0.618,4.445,6.244,0.626,0.552,14.408,0.1363,10.84,3928.9,0.8142,35.3,4.86,7.613,11.25,68655,38.13
2024-03-09T13:00:00.000Z,2.005,88.6,0.2771,2476,1.249,15.28,432.9,20.15,0.1672,1.1433,90.9,1.46,10485,0.736,146.8,134.34,0.1432,43.32,147.1,13.858,1.22,0.614,4.477,6.165,0.632,0.568,14.388,0.1363,10.82,3928.7,0.8055,35.4,4.84,7.514,11.34,68517,38.11
2024-03-09T14:00:00.000Z,1.974,88.3,0.2737,2481,1.234,15.15,429.4,20.122,0.1673,1.137,91.9,1.446,10320,0.733,146.347,132.95,0.142,43.14,146.1,13.812,1.214,0.614,4.437,6.199,0.623,0.561,14.218,0.1363,10.7,3919.3,0.8039,34.9,4.83,7.434,11.19,68338,37.74
2024-03-09T15:00:00.000Z,1.987,89.7,0.2746,2454,1.244,15.09,431.9,20.239,0.1705,1.1468,93.5,1.457,10323,0.738,147.314,132.64,0.1429,43.29,146.3,13.783,1.22,0.623,4.454,6.16,0.621,0.569,14.309,0.1362,10.79,3927.7,0.8056,35.1,4.83,7.566,11.2,68450,37.98
2024-03-09T16:00:00.000Z,1.977,90.2,0.2748,2468,1.227,14.88,430.2,20.254,0.1757,1.1352,91.3,1.45,10175,0.741,145.933,131.3,0.1436,42.94,146.3,13.648,1.226,0.614,4.399,6.099,0.619,0.572,14.351,0.1361,10.62,3893.1,0.7962,34.7,4.97,7.709,11.1,68289,37.57
2024-03-09T17:00:00.000Z,1.947,89.6,0.2712,2426,1.22,14.83,430.1,19.868,0.1829,1.1328,90.4,1.444,10168,0.741,145.206,130.41,0.142,43.29,144.2,13.5,1.215,0.624,4.371,6.115,0.619,0.573,14.251,0.1361,10.52,3893.2,0.7931,34.6,4.89,7.612,11.04,68301,37.42
2024-03-09T18:00:00.000Z,1.94,89.3,0.2755,2408,1.226,14.87,430.5,19.946,0.1814,1.1325,89.7,1.457,10158,0.745,145.132,131.24,0.1432,43.19,145.7,13.559,1.213,0.629,4.363,6.088,0.62,0.594,14.216,0.136,10.57,3901.6,0.7926,34.4,4.81,7.717,11.07,68448,37.46
2024-03-09T19:00:00.000Z,1.943,89,0.2742,2394,1.221,14.74,428.4,19.947,0.177,1.1318,90,1.456,10124,0.742,145.723,130.42,0.1422,43.02,145,13.471,1.214,0.635,4.343,6.033,0.617,0.595,14.191,0.136,10.47,3890.5,0.7868,34.3,4.84,7.702,10.98,68351,37.39
2024-03-09T20:00:00.000Z,1.963,89.3,0.2727,2407,1.234,14.78,432.3,20.065,0.1805,1.1402,91.4,1.445,10184,0.744,146.337,131.9,0.1429,43.04,145.4,13.507,1.214,0.639,4.351,6.08,0.621,0.604,14.259,0.1362,10.5,3914,0.7915,34.2,4.85,7.818,11.05,68529,37.4
2024-03-09T21:00:00.000Z,1.958,89.7,0.2714,2404,1.228,14.79,431.4,20.024,0.182,1.1424,91.5,1.443,10237,0.744,146.466,131.39,0.1427,43.12,144.5,13.453,1.21,0.642,4.354,6.11,0.623,0.607,14.276,0.1361,10.47,3917.9,0.785,34.2,4.83,7.749,11.01,68544,37.38
2024-03-09T22:00:00.000Z,1.969,90.8,0.2721,2433,1.217,14.7,433.7,20.027,0.18,1.1464,91.2,1.444,10283,0.747,145.461,130.49,0.1436,43.09,143.8,13.448,1.203,0.637,4.343,6.124,0.626,0.602,14.261,0.1361,10.5,3913.7,0.7819,34.3,4.83,8.031,10.97,68546,37.62
2024-03-09T23:00:00.000Z,1.963,91.2,0.2698,2429,1.214,14.8,433.2,20.047,0.179,1.1599,91.3,1.442,10226,0.745,144.571,131.21,0.1428,43.04,144.4,13.41,1.2,0.633,4.361,6.214,0.624,0.579,14.258,0.1362,10.51,3916.5,0.7856,34.2,4.83,8.265,11.1,68502,37.55
2024-03-10T00:00:00.000Z,2.008,89.9,0.2721,2438,1.236,14.83,431.4,20.038,0.1773,1.1607,92.2,1.441,10175,0.742,146.383,130.67,0.1425,43.1,144.1,13.434,1.218,0.639,4.393,6.133,0.623,0.578,14.18,0.1361,10.49,3921.6,0.7873,34.8,4.82,8.383,11.25,68534,37.43
2024-03-10T01:00:00.000Z,1.993,90.7,0.2676,2441,1.206,14.82,443.4,20.043,0.1766,1.1565,91.3,1.432,10176,0.74,147.556,131.81,0.1429,43.08,143.6,13.488,1.209,0.633,4.359,6.046,0.621,0.581,14.221,0.1362,10.57,3940.2,0.7888,34.6,4.74,8.4,11.24,69153,37.31
2024-03-10T02:00:00.000Z,1.974,89.6,0.2683,2443,1.201,14.71,436.5,19.981,0.1757,1.162,90.3,1.434,10196,0.74,147.831,130.75,0.1439,43.29,144.6,13.507,1.207,0.627,4.361,6.199,0.622,0.586,14.343,0.1363,10.51,3932.4,0.7953,34.6,4.75,8.345,11.15,68977,37.17
2024-03-10T03:00:00.000Z,1.97,89.5,0.2672,2486,1.203,14.62,438.4,19.902,0.1765,1.1713,90.4,1.436,10234,0.737,146.985,131.01,0.1436,43.05,144.3,13.583,1.204,0.642,4.37,6.083,0.622,0.615,14.335,0.1362,10.48,3944.3,0.7953,34.6,4.78,8.502,11.13,69308,37.33
2024-03-10T04:00:00.000Z,1.969,89.8,0.2684,2480,1.197,14.53,441.9,19.968,0.1785,1.1663,90.2,1.445,10236,0.737,147.236,131.07,0.1436,43.22,144.9,13.449,1.203,0.634,4.405,6.058,0.627,0.66,14.346,0.1363,10.52,3951.7,0.7981,34.5,4.87,8.549,11.15,69620,37.27
2024-03-10T05:00:00.000Z,1.981,89.1,0.268,2490,1.196,14.51,442,19.89,0.1784,1.1816,89.5,1.438,10217,0.736,147.96,130.43,0.1436,43.48,145.1,13.396,1.194,0.669,4.366,6.106,0.625,0.661,14.336,0.1363,10.48,3950,0.7953,34.3,4.85,8.574,11.21,69587,37.23
2024-03-10T06:00:00.000Z,2.002,89.2,0.2699,2514,1.202,14.61,440.2,19.943,0.1781,1.1831,89.5,1.444,10285,0.734,147.682,131.23,0.1436,43.32,145.7,13.442,1.199,0.685,4.392,6.092,0.628,0.71,14.321,0.1363,10.47,3951.8,0.7969,34.6,4.9,8.74,11.16,69542,37.21
2024-03-10T07:00:00.000Z,2.017,89.3,0.2714,2533,1.218,14.7,438.5,20.077,0.1765,1.1976,91,1.452,10336,0.738,148.747,133.13,0.1443,43.9,145.7,13.517,1.202,0.667,4.459,6.084,0.632,0.724,14.374,0.1363,10.56,3956.4,0.799,34.4,4.91,8.793,11.3,69594,37.24
2024-03-10T08:00:00.000Z,2.004,89.4,0.2739,2504,1.209,14.75,437.3,20.04,0.1761,1.22,91.2,1.458,10327,0.737,148.263,133.77,0.1449,43.74,146.2,13.495,1.201,0.674,4.466,6.095,0.634,0.761,14.331,0.1364,10.58,3967.2,0.8025,34.1,4.81,8.888,11.29,69820,37.34
2024-03-10T09:00:00.000Z,2.023,88.7,0.2673,2528,1.191,14.59,436.4,19.84,0.1729,1.221,89.2,1.435,10173,0.73,146.781,131.57,0.1424,43.17,145.7,13.336,1.181,0.659,4.42,5.973,0.621,0.779,14.168,0.1359,10.47,3957.8,0.7955,33.5,4.73,8.644,11.23,70031,36.95
2024-03-10T10:00:00.000Z,1.991,88.7,0.2693,2548,1.199,14.66,436.7,19.979,0.1749,1.2167,89,1.441,10284,0.734,147.23,131.63,0.1428,43.05,146.4,13.46,1.185,0.668,4.507,6.131,0.623,0.779,14.131,0.1359,10.55,3950.3,0.7938,33.6,4.73,8.756,11.06,70015,36.88
2024-03-10T11:00:00.000Z,2.065,88.8,0.2684,2581,1.186,14.58,432.9,19.9,0.1738,1.2178,88.7,1.433,10152,0.731,145.842,131.27,0.1428,42.82,146.8,13.379,1.188,0.674,4.44,6.134,0.621,0.764,14.064,0.136,10.46,3944.4,0.7848,33.5,4.74,8.716,10.88,69797,36.71
2024-03-10T12:00:00.000Z,2.081,88.3,0.2657,2586,1.174,14.5,434.2,19.894,0.1739,1.2186,87.6,1.427,10109,0.728,145.701,129.8,0.1422,42.6,145.9,13.292,1.165,0.66,4.366,6.005,0.618,0.791,14.028,0.1356,10.35,3937.4,0.7786,33.3,4.86,8.64,10.8,69955,36.53
2024-03-10T13:00:00.000Z,2.056,87.6,0.2613,2567,1.155,14.23,432.1,19.762,0.17,1.2274,86.7,1.414,10058,0.726,144.765,127.05,0.1401,42.24,144.2,13.151,1.152,0.653,4.275,5.893,0.608,0.772,13.823,0.1358,10.2,3908.3,0.8045,33,4.7,8.447,10.64,69475,35.8
2024-03-10T14:00:00.000Z,2.068,87.7,0.2611,2589,1.163,14.15,425.2,19.731,0.1706,1.2326,86.5,1.414,9969,0.721,144.279,126.23,0.1396,42.09,143.5,13.142,1.151,0.653,4.301,5.975,0.606,0.792,13.798,0.1352,10.22,3905.4,0.7874,32.8,4.71,8.353,10.59,69402,35.95
2024-03-10T15:00:00.000Z,2.022,87.8,0.2605,2730,1.162,14.12,423.6,19.622,0.1728,1.2149,86.8,1.416,10006,0.718,143.321,126.02,0.1401,41.9,144.3,13.094,1.14,0.638,4.361,5.898,0.605,0.78,13.963,0.135,10.19,3892.9,0.7873,33,4.71,8.318,10.45,69354,36.16
2024-03-10T16:00:00.000Z,2.049,88.7,0.2636,2744,1.175,14.27,432.3,19.797,0.1721,1.2184,87.8,1.433,10125,0.724,144.796,126.55,0.141,42.32,146.8,13.178,1.157,0.65,4.349,5.974,0.621,0.8,14.043,0.135,10.28,3912.5,0.798,33.4,4.71,8.597,10.67,69581,36.4
2024-03-10T17:00:00.000Z,2.035,88.8,0.2628,2759,1.173,14.2,429.3,19.789,0.1731,1.2362,88.2,1.426,10141,0.72,144.81,127.07,0.1407,42.19,145.4,13.205,1.159,0.648,4.34,5.973,0.62,0.796,14.071,0.135,10.31,3919.7,0.8018,33.6,4.75,8.539,10.67,69572,36.5
2024-03-10T18:00:00.000Z,2.02,88.3,0.2628,2746,1.168,14.18,426.9,19.796,0.1729,1.2184,87.7,1.424,10069,0.721,145.235,126.93,0.1408,42.1,148.1,13.174,1.147,0.641,4.311,5.993,0.616,0.788,14.037,0.1351,10.29,3902.7,0.7981,33.4,4.72,8.537,10.63,69397,36.53
2024-03-10T19:00:00.000Z,2.011,88.4,0.2631,2752,1.174,14.2,425.7,19.89,0.1739,1.2129,87.7,1.425,10100,0.722,145.261,126.65,0.1408,42.29,147.5,13.231,1.15,0.642,4.337,5.945,0.623,0.786,14.019,0.1344,10.31,3906.3,0.8009,33.8,4.69,8.537,10.61,69558,36.47
2024-03-10T20:00:00.000Z,2.049,87.9,0.2631,2756,1.178,14.17,426.1,19.797,0.1727,1.2184,87.6,1.426,10059,0.722,144.511,126.92,0.1407,42.11,146.6,13.234,1.157,0.652,4.33,5.957,0.63,0.792,14.063,0.1342,10.27,3907.2,0.8021,33.7,4.68,8.613,10.59,69467,36.5
2024-03-10T21:00:00.000Z,2.041,87.7,0.2624,2762,1.175,14.18,422.9,20.219,0.1708,1.2155,87.2,1.419,9988,0.72,144.089,126.33,0.1405,41.99,146.6,13.211,1.149,0.651,4.349,5.947,0.629,0.78,13.999,0.1342,10.22,3887.8,0.8107,33.8,4.72,8.543,10.59,69231,36.34
2024-03-10T22:00:00.000Z,1.955,86.2,0.2578,2735,1.144,13.81,414.8,20.726,0.167,1.2027,85.9,1.392,9773,0.707,142.096,123.71,0.1377,41.2,145.3,12.973,1.12,0.631,4.24,5.821,0.618,0.787,13.768,0.1339,10.06,3829.3,0.7882,33.1,4.58,8.322,10.42,68490,35.65
2024-03-10T23:00:00.000Z,2.011,87.4,0.2631,2832,1.168,14.16,423.9,21.808,0.1703,1.2302,88,1.424,9941,0.718,144.504,126.99,0.1398,42.09,146.8,13.207,1.147,0.645,4.382,5.973,0.644,0.803,14.233,0.1339,10.29,3883.5,0.821,33.7,4.64,8.578,10.72,69032,36.2
2024-03-11T00:00:00.000Z,1.933,85.7,0.2558,2693,1.13,13.8,412.5,21.609,0.165,1.1956,85.8,1.377,9729,0.703,140.624,123.5,0.1375,41.13,143.4,12.956,1.116,0.618,4.25,5.81,0.615,0.805,14.013,0.1335,10.1,3831,0.7935,32.8,4.59,8.383,10.41,68172,34.55
2024-03-11T01:00:00.000Z,1.932,86,0.2564,2688,1.136,13.85,412.6,21.443,0.1647,1.1871,85.8,1.391,9679,0.702,138.807,123.28,0.1373,41,144.6,13.032,1.124,0.619,4.15,6.097,0.612,0.81,14.087,0.1335,10.15,3824.3,0.7867,33,4.64,8.428,10.33,68380,34.91
2024-03-11T02:00:00.000Z,1.937,86.2,0.2579,2658,1.146,13.88,415.4,21.673,0.1647,1.1972,86.2,1.401,9759,0.704,139.207,126.8,0.1384,41.24,144.9,13.089,1.132,0.621,4.198,6.232,0.621,0.851,14.062,0.1328,10.2,3839.5,0.7948,33,4.65,8.414,10.44,68373,35.17
2024-03-11T03:00:00.000Z,1.923,86.9,0.2629,2663,1.155,14,415.9,21.249,0.1664,1.198,86.4,1.422,9862,0.714,141.241,129.96,0.1401,41.6,144.7,13.235,1.146,0.629,4.226,6.699,0.622,0.801,14.208,0.1329,10.37,3872,0.8157,33.1,4.73,8.571,10.56,68664,35.37
2024-03-11T04:00:00.000Z,1.94,86.9,0.2689,2637,1.153,13.98,416,21.273,0.167,1.1913,86.2,1.433,9879,0.711,140.61,130.04,0.1416,41.51,145.5,13.452,1.159,0.625,4.258,6.828,0.621,0.826,14.06,0.1331,10.42,3860,0.8102,32.8,4.71,8.755,10.49,68611,35.58
2024-03-11T05:00:00.000Z,1.936,86.8,0.2688,2627,1.155,14.02,414.1,21.338,0.1677,1.1955,86.3,1.434,9930,0.712,140.662,129.32,0.1413,41.59,144.4,13.327,1.156,0.626,4.282,7.093,0.622,0.842,14.036,0.1331,10.33,3851.7,0.8044,33.1,4.8,8.714,10.45,68602,35.48
2024-03-11T06:00:00.000Z,1.95,87.5,0.2735,2630,1.161,14.08,417.2,21.291,0.1698,1.2039,86.6,1.444,10009,0.722,143.69,131.97,0.1423,41.99,144.4,13.432,1.166,0.633,4.315,7.021,0.628,0.9,14.105,0.1329,10.43,3890.9,0.8136,33.1,4.75,8.835,10.49,69383,35.18
2024-03-11T07:00:00.000Z,2.003,90.2,0.2735,2663,1.182,14.35,438.5,21.38,0.1769,1.2223,88,1.451,10159,0.735,148.35,132.75,0.1439,42.87,145.1,13.57,1.181,0.641,4.322,6.837,0.634,1.037,14.326,0.1334,10.55,4014.7,0.8194,33.8,4.7,9.284,10.78,71226,36.93
2024-03-11T08:00:00.000Z,2.024,93.3,0.2805,2673,1.194,14.38,442.7,21.506,0.1759,1.2259,89,1.458,10314,0.74,149.466,134.45,0.1462,44.25,146,13.659,1.188,0.65,4.385,6.908,0.636,1.025,14.359,0.1335,10.69,4024.4,0.8214,32.6,4.81,9.308,10.91,71374,37.03
2024-03-11T09:00:00.000Z,2.01,94.9,0.2956,2657,1.201,14.44,445.6,21.573,0.1782,1.2276,90.2,1.475,10376,0.744,149.242,137.34,0.1472,45.03,144.8,13.799,1.194,0.658,4.458,7.192,0.644,1.026,14.411,0.1336,10.89,4045.6,0.8263,33.2,4.75,9.434,11.13,71909,37.37
2024-03-11T10:00:00.000Z,1.994,94.8,0.2868,2619,1.201,14.36,442.9,21.409,0.1765,1.2258,89.8,1.462,10209,0.741,148.646,136.07,0.1461,45.88,145.6,13.714,1.19,0.65,4.417,6.98,0.641,1.018,14.275,0.1336,10.78,4031.1,0.8344,33.1,4.66,9.246,11.19,71593,37.12
2024-03-11T11:00:00.000Z,1.991,94.9,0.2835,2617,1.185,14.31,443.6,21.391,0.1754,1.2229,88.9,1.456,10155,0.739,148.531,135.87,0.1453,46.27,144.8,13.581,1.186,0.658,4.464,6.995,0.645,1.012,14.268,0.1332,10.77,4037.4,0.8348,32.9,4.63,9.143,11.13,71626,37.22
2024-03-11T12:00:00.000Z,1.986,95.9,0.2894,2623,1.262,14.46,442.9,21.61,0.1771,1.2213,89.4,1.466,10220,0.741,149.318,136.58,0.147,46.46,145.2,13.592,1.19,0.663,4.509,6.947,0.646,1.025,14.324,0.1335,10.76,4058.9,0.8359,33.2,4.63,9.189,11.38,72091,37.54
2024-03-11T13:00:00.000Z,1.96,95,0.2889,2624,1.677,14.35,434.9,21.176,0.1721,1.2079,87.8,1.46,10121,0.733,147.055,134.21,0.1441,46.34,143.8,13.376,1.173,0.655,4.405,7.043,0.641,0.955,14.191,0.1325,10.72,4025.3,0.8211,32.9,4.64,8.98,11.13,71632,36.8
2024-03-11T14:00:00.000Z,1.968,97.5,0.2892,2621,1.672,14.69,436.8,21.172,0.1743,1.2075,88.6,1.494,10160,0.735,147.38,134.99,0.1455,47.81,143.7,13.558,1.192,0.674,4.435,7.025,0.649,0.9,14.123,0.1321,10.83,4038.8,0.8225,33.1,4.61,9.073,11.21,72286,37.02
2024-03-11T15:00:00.000Z,2.034,101.4,0.2852,2597,1.675,14.76,436.4,21.253,0.1744,1.2064,89.3,1.482,10223,0.76,147.284,132.96,0.1573,46.81,143.9,13.582,1.212,0.668,4.429,6.918,0.652,0.862,14.254,0.1325,10.89,4023,0.8226,33.2,4.62,9.038,11.18,72132,37.43
2024-03-11T16:00:00.000Z,2.035,103.9,0.2886,2577,1.599,14.64,443.4,21.159,0.1746,1.2136,90.5,1.498,10243,0.762,147.124,134.81,0.1565,46.82,143.8,13.718,1.23,0.664,4.472,6.801,0.652,0.837,14.175,0.1324,10.97,4044.1,0.82,33.7,4.63,9.163,11.18,72677,38.03
2024-03-11T17:00:00.000Z,2.013,105.1,0.2895,2609,1.657,14.78,446.9,21.164,0.1738,1.2119,91.4,1.513,10244,0.767,147.319,134,0.161,47.11,143.7,13.674,1.224,0.66,4.644,6.861,0.654,0.84,14.144,0.133,10.99,4043.8,0.8264,34.4,4.63,9.102,11.08,72640,37.77
2024-03-11T18:00:00.000Z,2.054,104.4,0.2926,2613,1.668,14.97,445.3,21.406,0.1761,1.219,91.7,1.524,10507,0.774,147.578,135.21,0.1574,48.03,145,13.768,1.24,0.666,4.672,6.894,0.658,0.838,14.218,0.1331,11.24,4063,0.8327,34.2,4.69,9.127,11.12,72610,37.94
2024-03-11T19:00:00.000Z,2.041,105,0.2936,2602,1.715,14.76,443.1,21.168,0.1742,1.21,91.2,1.512,10386,0.775,146.863,134.09,0.1601,47.47,143.9,13.666,1.243,0.661,4.605,6.833,0.666,0.826,14.118,0.1332,11.06,4036,0.8281,34.5,4.66,9.171,10.95,72003,37.82
2024-03-11T20:00:00.000Z,2.041,105.4,0.3007,2591,1.719,15.13,445,21.262,0.1752,1.2167,92.3,1.52,10465,0.774,147.554,135.17,0.1593,49,145.8,13.771,1.26,0.664,4.652,6.793,0.671,0.823,14.271,0.1334,11.17,4034.7,0.8363,34.6,4.72,9.41,11.08,72192,37.87
2024-03-11T21:00:00.000Z,2.059,105.7,0.2976,2593,1.692,15.28,452.2,21.394,0.1787,1.2277,91.8,1.531,10502,0.781,148.594,135.77,0.1584,48.6,146.6,13.877,1.255,0.664,4.706,6.759,0.669,0.838,14.344,0.1335,11.22,4059,0.84,35,4.72,9.836,11.2,72642,38.14
2024-03-11T22:00:00.000Z,2.053,104.5,0.2945,2605,1.742,15.14,448.3,21.47,0.177,1.2416,92,1.529,10465,0.785,147.944,134.95,0.1586,49,146.6,13.752,1.243,0.66,4.703,6.627,0.667,0.826,14.55,0.1338,11.16,4073.1,0.8418,35.1,4.71,9.938,11.17,72534,38.3
2024-03-11T23:00:00.000Z,2.077,104.1,0.2921,2607,1.761,15.05,449.1,21.315,0.1825,1.2429,92.5,1.532,10463,0.776,148.947,136.62,0.1574,49,145.8,13.754,1.234,0.664,4.741,6.711,0.664,0.825,14.449,0.134,11.06,4071,0.8562,34.9,4.7,9.973,11.2,72193,38.11
2024-03-12T00:00:00.000Z,2.06,102.1,0.2916,2627,1.697,15.03,440.2,21.177,0.1782,1.2361,93.6,1.525,10573,0.767,147.389,136.77,0.1551,48.19,144.4,13.629,1.231,0.664,4.846,6.81,0.66,0.824,14.33,0.134,10.91,4062.5,0.8489,34.8,4.71,9.663,11.03,72080,37.76
2024-03-12T01:00:00.000Z,2.072,102.5,0.2936,2615,1.669,15.06,441.1,21.129,0.1776,1.2317,92.5,1.544,10617,0.766,149.039,135.33,0.1555,48.69,144,13.751,1.229,0.666,4.846,6.772,0.662,0.83,14.442,0.1343,10.96,4067.2,0.8397,34.8,4.78,9.509,11.11,72520,37.76
2024-03-12T02:00:00.000Z,2.081,100.8,0.2923,2624,1.657,15.12,439.8,21.159,0.1769,1.24,92.2,1.552,10649,0.772,151.532,136.84,0.1552,50.63,144,13.786,1.23,0.666,4.837,6.795,0.664,0.84,14.562,0.1335,11.1,4057.1,0.8427,35.1,4.81,9.631,11.07,72257,37.65
2024-03-12T03:00:00.000Z,2.019,99.1,0.2878,2594,1.627,14.66,432.3,20.829,0.174,1.2145,90.5,1.528,10638,0.76,150.995,134.27,0.152,48.07,144.3,13.609,1.21,0.648,4.748,6.858,0.652,0.857,14.286,0.1333,10.9,4034.4,0.8349,34.3,4.79,9.549,10.85,71706,37.15
2024-03-12T04:00:00.000Z,2.06,99.5,0.2888,2623,1.64,14.73,434.2,20.755,0.1746,1.2169,90.9,1.545,10602,0.765,153.617,135.49,0.1523,48.45,144.4,13.725,1.223,0.657,4.748,7.038,0.653,0.885,14.413,0.1333,10.89,4042.3,0.8415,34.3,4.82,9.55,10.99,71876,37.11
2024-03-12T05:00:00.000Z,2.039,100.3,0.2885,2615,1.64,14.76,436.3,20.827,0.1746,1.2122,90.9,1.537,10536,0.764,154.457,134.21,0.1526,48.98,145.1,13.721,1.219,0.66,4.734,6.905,0.654,0.926,14.408,0.133,10.93,4046.5,0.845,34.2,4.72,9.713,10.96,72067,37.27
2024-03-12T06:00:00.000Z,2.078,99.2,0.2862,2609,1.614,14.59,433.4,20.64,0.1733,1.2007,90.2,1.526,10417,0.756,153.598,133.98,0.1511,48.18,145.8,13.542,1.211,0.649,4.716,6.832,0.643,0.99,14.234,0.1326,10.83,4035.6,0.8271,33.8,4.7,9.617,10.89,72330,37
2024-03-12T07:00:00.000Z,2.033,98.9,0.2833,2586,1.58,14.43,428.7,20.59,0.1729,1.191,90,1.527,10356,0.756,152.246,132.61,0.1527,47.77,146.3,13.473,1.213,0.643,4.692,7.081,0.641,0.989,14.112,0.1327,10.74,4034.3,0.8176,34,4.7,9.754,10.86,72216,37.14
2024-03-12T08:00:00.000Z,2.005,97.6,0.2785,2551,1.541,14.15,423.6,20.293,0.1701,1.1716,88.2,1.498,10192,0.743,150.099,129.8,0.1494,47.2,143.8,13.199,1.182,0.634,4.583,6.849,0.631,0.945,13.835,0.1318,10.54,3991.5,0.8018,33.1,4.6,9.584,10.56,71788,36.42
2024-03-12T09:00:00.000Z,2.025,97.9,0.2823,2552,1.517,14.35,425.5,20.502,0.1708,1.1897,90.5,1.521,10348,0.746,151.874,131.5,0.1506,47.55,145.8,13.33,1.201,0.643,4.724,7.161,0.643,0.965,13.995,0.1319,10.71,4014.4,0.8124,33.4,4.64,9.635,10.75,72017,36.81
2024-03-12T10:00:00.000Z,2.014,97.7,0.2837,2566,1.526,14.37,426.8,20.567,0.1706,1.1878,90.8,1.508,10457,0.748,150.83,131.03,0.1496,48,147,13.381,1.181,0.644,4.765,7.163,0.64,1.005,14.043,0.132,10.63,4012.4,0.8081,33.6,4.7,9.668,10.72,71918,36.6
2024-03-12T11:00:00.000Z,1.987,97.9,0.2837,2558,1.545,14.13,431.4,20.509,0.1713,1.1905,90.5,1.492,10384,0.749,150.58,130.08,0.15,47.98,145.2,13.325,1.17,0.642,4.727,7.056,0.637,0.983,14.126,0.1327,10.63,4026.9,0.8041,33.3,4.75,9.704,10.71,72164,36.87
2024-03-12T12:00:00.000Z,1.981,98.8,0.2844,2553,1.545,14.28,430.2,20.585,0.172,1.1942,90.1,1.481,10354,0.753,151.493,130.91,0.1508,48.93,143.9,13.428,1.184,0.649,4.785,7.186,0.643,1.026,14.044,0.132,10.67,4025.8,0.811,33.5,4.94,10.135,10.77,72277,36.92
2024-03-12T13:00:00.000Z,1.996,97.7,0.2901,2552,1.556,14.32,429.8,20.605,0.1715,1.1895,89,1.503,10328,0.75,150.466,131.4,0.1495,50.69,145.1,13.448,1.183,0.647,4.812,7.397,0.646,1.044,14.085,0.1322,10.74,4028.5,0.8112,33.4,5.11,10.002,10.76,72368,36.52
2024-03-12T14:00:00.000Z,1.983,97,0.2873,2500,1.56,14.16,425.7,20.338,0.1688,1.1756,88.3,1.485,10252,0.74,149.102,129.66,0.1488,49.32,143.7,13.308,1.17,0.636,4.705,7.103,0.634,1.001,13.934,0.1319,10.57,3984.5,0.8038,33,4.8,9.788,10.6,71700,36.87
2024-03-12T15:00:00.000Z,1.998,96.7,0.2928,2486,1.545,14.34,430.9,20.537,0.1702,1.1884,89,1.509,10350,0.747,150.449,131.65,0.1497,53.85,145,13.444,1.184,0.661,4.791,7.486,0.641,0.991,14.171,0.1323,10.68,3992.4,0.8173,33.3,4.91,9.9,10.66,71748,36.72
2024-03-12T16:00:00.000Z,1.941,96.3,0.287,2490,1.525,14.11,426.8,20.094,0.1666,1.161,86.2,1.474,10140,0.732,146.403,128.53,0.1471,52.87,145.6,13.312,1.15,0.637,4.641,7.291,0.627,0.969,13.819,0.1315,10.47,3931.9,0.7899,32.7,5.07,9.605,10.44,70558,36.19
2024-03-12T17:00:00.000Z,1.95,96.8,0.2938,2514,1.535,14.2,424,20.299,0.1656,1.1629,86.9,1.467,10124,0.737,147.649,130.2,0.1475,54.58,145.4,13.296,1.159,0.646,4.761,7.637,0.634,0.996,13.72,0.131,10.59,3954,0.7993,32.8,4.98,9.797,10.59,71165,36.18
2024-03-12T18:00:00.000Z,1.954,97.2,0.3039,2525,1.54,14.33,425.5,20.44,0.1665,1.1745,87.2,1.499,10168,0.739,149.393,132.17,0.1484,56.78,144.8,13.406,1.16,0.65,4.931,7.788,0.639,0.993,13.875,0.1313,10.7,3971.1,0.8084,33,4.88,9.911,10.72,71389,36.43
2024-03-12T19:00:00.000Z,2.016,98.4,0.3176,2727,1.562,14.58,429.7,20.747,0.1676,1.1765,88.6,1.537,10228,0.748,150.207,134.39,0.1496,57.08,144.8,13.449,1.177,0.656,4.93,7.804,0.651,0.994,14.002,0.1316,10.8,3983.8,0.8294,33.9,4.96,9.771,10.78,71396,36.78
2024-03-12T20:00:00.000Z,1.982,97,0.3093,2629,1.561,14.35,425.2,20.591,0.1655,1.1652,87.2,1.538,10110,0.739,148.391,134.16,0.1487,55.92,145.6,13.341,1.161,0.645,5.152,7.847,0.64,0.989,13.851,0.1315,10.61,3953.7,0.8215,33.5,4.89,10.027,10.63,71116,36.37
2024-03-12T21:00:00.000Z,2.027,97.4,0.3171,2610,1.548,14.43,420.8,20.471,0.1653,1.1648,87.4,1.541,10137,0.74,147.545,133.75,0.1491,55.37,145,13.294,1.173,0.648,5.089,7.922,0.646,0.961,13.899,0.1312,10.61,3943,0.8177,33.6,4.98,10.092,10.69,70892,36.3
2024-03-12T22:00:00.000Z,2.038,97.7,0.3136,2603,1.533,14.64,426.6,20.551,0.1663,1.1673,87,1.554,10141,0.745,148.562,135.12,0.1491,55.02,145.1,13.371,1.17,0.645,5.126,7.836,0.652,0.949,14.004,0.1312,10.68,3953.8,0.8218,33.6,4.93,10.229,10.81,71208,36.45
2024-03-12T23:00:00.000Z,2.061,97.6,0.3174,2640,1.535,14.72,434.7,20.748,0.1684,1.1832,87.8,1.558,10239,0.749,151.267,135.43,0.1493,55.63,145.4,13.42,1.185,0.65,5.097,8.093,0.658,0.938,14.073,0.1314,10.75,3983.6,0.8328,33.9,5.05,10.485,10.92,71503,36.88
2024-03-13T00:00:00.000Z,2.055,97.7,0.3114,2679,1.489,14.63,429,20.565,0.1676,1.1804,87.5,1.528,10303,0.749,150.256,134.65,0.1494,54.99,146.6,13.474,1.182,0.653,5.132,8.242,0.657,0.923,13.996,0.1312,10.72,3981.7,0.8261,34.7,5.01,10.602,10.8,71441,36.68
2024-03-13T01:00:00.000Z,2.084,98.7,0.3113,2862,1.497,14.75,433.1,20.793,0.1704,1.1945,88.9,1.542,10410,0.756,150.376,135.85,0.1508,54.19,144.6,13.582,1.194,0.656,5.224,8.23,0.664,0.922,14.195,0.1316,10.81,4027.3,0.8389,35.6,5.13,11.028,10.83,72078,37.08
2024-03-13T02:00:00.000Z,2.125,98.4,0.309,2881,1.496,14.83,434.1,20.842,0.1731,1.2011,89,1.537,10485,0.755,149.978,135.7,0.1511,53.93,146.4,13.636,1.209,0.659,5.066,8.269,0.67,0.957,14.24,0.132,10.86,4039,0.8361,35.5,5.12,11.246,10.84,72037,37.16
2024-03-13T03:00:00.000Z,2.117,98.3,0.3093,2796,1.493,14.65,436.6,20.724,0.1719,1.2113,90.3,1.542,10430,0.752,149.484,139.01,0.1513,53.43,146.6,13.61,1.206,0.667,5.13,8.479,0.673,0.929,14.364,0.1318,10.95,4048.9,0.8408,35.4,5.14,11.237,10.73,72096,37.09
2024-03-13T04:00:00.000Z,2.096,97.6,0.3075,2756,1.484,14.68,452.4,20.639,0.1724,1.2076,89.6,1.539,10379,0.752,150.205,142.35,0.151,53.61,146.9,13.525,1.21,0.657,5.073,8.279,0.673,0.928,14.387,0.1318,10.88,4048.1,0.84,35,5,11.284,10.73,72277,37.31
2024-03-13T05:00:00.000Z,2.076,98,0.3087,2733,1.484,14.6,448.4,20.656,0.172,1.2022,89.8,1.54,10377,0.755,151.852,142.5,0.1516,53.15,147.1,13.578,1.21,0.658,5.141,8.123,0.673,0.928,14.343,0.1318,10.9,4041.5,0.8318,35.1,4.96,11.222,10.8,72211,37.18
2024-03-13T06:00:00.000Z,2.061,98.5,0.309,2758,1.497,14.83,449.5,20.844,0.1723,1.2152,91.2,1.556,10471,0.761,152.583,146.34,0.1522,54.23,146.9,13.725,1.21,0.665,5.195,7.92,0.692,0.924,14.519,0.1321,10.97,4055.3,0.8554,35.1,5.03,11.244,10.95,72743,37.48
2024-03-13T07:00:00.000Z,2.061,98.3,0.3127,2786,1.491,14.76,446.7,20.815,0.1727,1.2082,91.7,1.554,10412,0.764,150.811,147.65,0.1526,53.98,146.7,13.681,1.213,0.668,5.161,7.967,0.7,0.929,14.52,0.1323,11,4045.6,0.8595,34.8,5.02,11.015,10.97,72957,37.38
2024-03-13T08:00:00.000Z,2.064,98.7,0.3152,2795,1.485,14.9,446.8,20.877,0.173,1.2234,92.5,1.549,10463,0.771,152.628,148.96,0.1536,54.29,146,13.679,1.213,0.677,5.194,7.928,0.694,0.948,14.55,0.1323,11.2,4069.6,0.8631,34.7,4.99,11.332,11.13,73540,37.41
2024-03-13T09:00:00.000Z,2.048,98.4,0.3176,2809,1.501,14.64,444.8,20.889,0.1716,1.2298,91.2,1.541,10332,0.765,152.185,149.43,0.1522,53.9,145.4,13.762,1.203,0.668,5.081,7.874,0.687,0.94,14.36,0.1324,11.21,4058.2,0.8626,34.4,4.94,11.413,11.06,73458,37.22
2024-03-13T10:00:00.000Z,2.03,97.7,0.3232,2816,1.492,14.61,442.7,20.861,0.1704,1.2443,92.6,1.528,10325,0.762,152.942,149.13,0.1522,53.97,144.9,13.69,1.199,0.669,5.11,7.893,0.691,0.934,14.333,0.1318,11.13,4061.5,0.8725,34.7,4.92,11.36,10.99,73394,37.12
2024-03-13T11:00:00.000Z,2.036,97.4,0.3183,2817,1.471,14.43,443.6,20.743,0.1705,1.2519,95,1.521,10295,0.759,154.029,150.94,0.151,53.96,145.7,13.666,1.193,0.66,5.072,8.058,0.683,0.93,14.297,0.1319,11.04,4055.5,0.8721,34.6,4.92,11.357,10.85,73187,37.01
2024-03-13T12:00:00.000Z,2.054,97.6,0.3268,2842,1.472,14.34,439.9,20.649,0.1699,1.269,93.2,1.52,10266,0.761,153.2,147.67,0.1512,54.29,145.6,13.654,1.193,0.657,5.005,7.955,0.68,0.941,14.285,0.1316,10.98,4015.1,0.8663,34.1,4.98,11.245,10.8,72919,36.8
2024-03-13T13:00:00.000Z,1.991,95.4,0.3194,2806,1.445,14.23,432,20.428,0.1672,1.2641,90.4,1.495,10087,0.748,151.474,145.75,0.1486,54.14,144.6,13.425,1.176,0.638,4.908,7.948,0.666,0.945,13.925,0.1312,10.81,3978.7,0.8504,33.5,4.82,11.06,10.58,72253,36.02
2024-03-13T14:00:00.000Z,1.942,95.2,0.3136,2769,1.447,14.18,425.7,20.334,0.1662,1.2621,90.5,1.488,10039,0.743,155.493,143.18,0.1472,52.88,144.7,13.345,1.158,0.631,4.877,7.7,0.666,0.96,13.916,0.1317,10.72,3972,0.8397,33.4,4.88,10.793,10.71,72477,36.12
2024-03-13T15:00:00.000Z,1.988,96.1,0.3209,2771,1.458,14.32,432.2,20.421,0.167,1.2757,90.5,1.502,10090,0.748,157.54,141.95,0.1478,53.72,144.6,13.553,1.167,0.636,4.883,7.871,0.673,0.949,13.983,0.1316,10.82,3967,0.8427,33.4,4.86,10.821,10.71,72718,36.28
2024-03-13T16:00:00.000Z,2.012,96.5,0.3205,2799,1.457,14.39,434.2,20.414,0.1692,1.2743,91.4,1.502,10199,0.749,158.758,142.72,0.1495,53.97,146.5,13.577,1.175,0.642,4.894,7.815,0.681,0.977,14.082,0.1318,10.85,3988.5,0.847,33.7,4.87,10.728,10.66,73087,36.45
2024-03-13T17:00:00.000Z,2.02,95.9,0.3209,2816,1.486,14.31,434.6,20.336,0.168,1.2746,91.2,1.511,10202,0.75,159.6,145.14,0.1499,54.19,147.5,13.706,1.177,0.64,4.932,7.861,0.68,0.996,14.084,0.132,10.87,3986.9,0.8559,33.6,4.9,10.856,10.6,72941,36.31
2024-03-13T18:00:00.000Z,2.049,96.6,0.3231,2849,1.476,14.37,436.7,20.484,0.1691,1.2775,91.9,1.526,10260,0.754,161.572,144.05,0.1504,54.84,147.1,13.803,1.177,0.645,4.981,7.98,0.685,0.994,14.206,0.132,11.03,4009.8,0.8638,33.9,4.91,10.79,10.54,73240,36.55
2024-03-13T19:00:00.000Z,2.043,96.5,0.3186,2869,1.46,14.29,433.8,20.472,0.1692,1.2749,90.2,1.52,10257,0.754,161.74,143.43,0.1497,54.21,146.8,13.788,1.177,0.641,4.933,7.915,0.685,1.015,14.195,0.1321,11.06,4006.8,0.8664,34.4,4.92,10.593,10.54,73466,36.51
2024-03-13T20:00:00.000Z,2.054,96.1,0.3177,2887,1.458,14.27,436.6,20.368,0.1688,1.2627,90,1.518,10217,0.751,160.179,142.47,0.1492,53.59,145.2,13.733,1.174,0.638,4.892,7.841,0.68,0.997,14.09,0.1318,11,3993.7,0.865,34.7,4.91,10.523,10.48,73169,36.39
2024-03-13T21:00:00.000Z,2.066,97,0.3209,2932,1.461,14.36,438.4,20.515,0.1693,1.2676,90.4,1.528,10268,0.753,166.095,143.3,0.1496,55.34,147,13.931,1.179,0.641,4.95,7.928,0.681,1.016,14.194,0.1317,11.03,4008.7,0.8638,34.6,4.91,10.748,10.44,73348,36.57
2024-03-13T22:00:00.000Z,2.058,96.8,0.317,2919,1.465,14.39,440.4,20.586,0.1683,1.2626,90.4,1.531,10282,0.757,163.779,142.61,0.1502,54.36,149,13.995,1.183,0.637,4.939,7.787,0.68,1.012,14.167,0.132,11.04,3986.5,0.8593,34.5,4.94,10.556,10.54,73037,36.51
2024-03-13T23:00:00.000Z,2.068,97.4,0.3189,2902,1.478,14.52,443,20.787,0.1692,1.2715,91,1.541,10338,0.765,164.095,143.1,0.151,54.88,150.1,14.137,1.186,0.638,4.961,7.786,0.686,1.094,14.221,0.1321,11.4,4009.3,0.8651,34.8,4.92,10.656,10.65,73110,36.58
2024-03-14T00:00:00.000Z,2.057,96.3,0.3148,2924,1.465,14.5,437,20.668,0.1671,1.2743,89.8,1.52,10254,0.758,168.035,141.26,0.1495,56.4,149.3,13.896,1.172,0.632,4.932,7.792,0.678,1.054,14.237,0.1321,11.31,3979.4,0.8636,34.5,4.91,10.617,10.63,72909,36.26
2024-03-14T01:00:00.000Z,2.02,96.9,0.3168,2925,1.461,14.64,443.5,20.82,0.1673,1.2641,90.7,1.523,10268,0.76,166.215,141.01,0.15,57.74,149.6,13.94,1.181,0.638,4.987,7.862,0.678,1.071,14.41,0.1321,11.21,3989.3,0.869,34.3,4.9,10.905,10.59,72998,36.28
2024-03-14T02:00:00.000Z,2.009,96.5,0.3136,2894,1.463,14.42,440.2,20.681,0.1688,1.2669,90.3,1.533,10265,0.76,165.316,143.92,0.1495,58.74,150.1,13.896,1.179,0.639,4.944,7.892,0.678,1.073,14.334,0.1316,11.18,3988.4,0.8727,34.8,4.91,11.095,10.54,73085,36.18
2024-03-14T03:00:00.000Z,2.007,96,0.3137,2862,1.445,14.23,440.1,20.67,0.1731,1.253,89.9,1.527,10202,0.761,167.748,142.4,0.1492,57.81,150.9,13.77,1.176,0.636,4.882,7.841,0.672,1.074,14.223,0.1316,11.19,3997.6,0.8615,34.5,4.83,11.181,10.54,73324,36.15
2024-03-14T04:00:00.000Z,1.98,95,0.3113,2868,1.428,14.12,436.5,20.406,0.1789,1.2419,88.7,1.509,10116,0.749,166.729,139.97,0.1477,56.24,149.9,13.621,1.171,0.626,4.821,7.924,0.665,1.087,13.973,0.1312,11.06,3962.5,0.8491,34.6,4.77,10.783,10.42,73032,35.75
2024-03-14T05:00:00.000Z,1.995,96.2,0.3125,2831,1.443,14.16,439.9,20.526,0.185,1.2429,89.4,1.513,10191,0.756,166.841,139.84,0.1489,55.88,149.6,13.65,1.161,0.638,4.864,7.97,0.672,1.206,14.045,0.1311,11.14,3973.9,0.868,34.6,4.8,10.796,10.51,73217,36.09
2024-03-14T06:00:00.000Z,1.977,96.2,0.3145,2809,1.444,14.21,440.1,20.464,0.1884,1.2412,89.4,1.513,10195,0.762,169.226,141.05,0.1484,55.57,148.7,13.755,1.173,0.641,4.831,7.76,0.673,1.245,14.11,0.1308,11.18,3985.4,0.8683,34.5,4.8,10.61,10.58,73665,36.2
2024-03-14T07:00:00.000Z,1.976,95.5,0.3174,2801,1.44,14.26,440.1,20.468,0.1865,1.2345,89,1.521,10213,0.786,168.712,140.67,0.1491,56.01,148.6,13.865,1.181,0.636,4.831,7.847,0.666,1.257,14.184,0.1308,11.36,3969.7,0.8595,34.6,4.8,10.516,10.52,73291,36.18
2024-03-14T08:00:00.000Z,2.008,96.6,0.3142,2814,1.442,14.26,456.5,20.762,0.1849,1.2358,89.7,1.523,10236,0.791,169.4,141.95,0.1494,56.5,150.1,13.946,1.195,0.639,4.84,7.999,0.669,1.245,14.344,0.1304,11.29,3982.8,0.8634,34.7,4.78,10.727,10.54,73418,36.44
2024-03-14T09:00:00.000Z,2.017,97.9,0.3175,2833,1.46,14.39,469.9,21.144,0.1863,1.2601,90.9,1.536,10282,0.803,172.877,142.6,0.1524,57.33,150.4,14.21,1.21,0.647,4.889,8.025,0.671,1.213,14.351,0.1308,11.9,3988.4,0.8692,34.9,4.78,10.622,10.74,73418,36.72
2024-03-14T10:00:00.000Z,1.999,96.9,0.3114,2825,1.439,14.28,451.5,21.222,0.1835,1.2464,89.1,1.521,10181,0.797,173.128,140.91,0.1493,57.3,151,14.027,1.192,0.636,4.851,8.063,0.663,1.221,14.178,0.1308,11.71,3969.8,0.8653,35,4.81,10.564,10.47,73048,36.11
2024-03-14T11:00:00.000Z,1.997,95.7,0.3121,2833,1.419,14.23,445.9,21.649,0.1835,1.2328,88.9,1.516,10154,0.797,173.469,140.21,0.1485,56.62,149.5,14.01,1.181,0.631,4.811,8.025,0.658,1.206,14.189,0.1306,11.68,3959.1,0.8601,34,4.74,10.707,10.48,72954,35.85
2024-03-14T12:00:00.000Z,1.984,96,0.309,2836,1.41,14.13,446.3,21.607,0.1862,1.2373,88.9,1.504,10114,0.788,172.462,140.03,0.1477,56.31,148.3,13.853,1.18,0.629,4.799,7.861,0.657,1.236,14.254,0.13,11.58,3949.9,0.8552,34.2,4.67,10.609,10.41,72897,35.82
2024-03-14T13:00:00.000Z,1.943,93.7,0.3027,2835,1.376,13.75,439.5,21.004,0.1788,1.2077,86.5,1.465,9871,0.763,166.731,136.7,0.1439,54.37,144.4,13.528,1.139,0.605,4.673,7.759,0.636,1.213,13.896,0.1289,11.25,3886.1,0.8245,33.6,4.58,10.224,10.15,71949,35.06
2024-03-14T14:00:00.000Z,1.953,94.9,0.3123,2847,1.39,13.91,435.7,20.886,0.1776,1.2184,87.4,1.484,9908,0.762,168.749,138.69,0.1446,54.3,145.3,13.733,1.143,0.605,4.696,8.028,0.643,1.258,13.959,0.1291,11.44,3890.5,0.8306,33.7,4.63,10.211,10.25,71727,35.22
2024-03-14T15:00:00.000Z,1.935,94,0.3098,2790,1.391,13.73,432.9,20.573,0.173,1.2019,86.1,1.457,9858,0.748,168.188,137.02,0.1433,53.2,143.8,13.487,1.124,0.6,4.645,7.884,0.634,1.241,13.788,0.1288,11.17,3846.8,0.8188,33,4.59,10.112,10.17,70903,34.94
2024-03-14T16:00:00.000Z,1.98,95.3,0.3144,2835,1.375,13.98,438.2,21.08,0.1777,1.2158,87.3,1.486,9981,0.76,169.506,139.84,0.1446,54.01,144.2,13.752,1.144,0.611,4.721,8.233,0.647,1.345,14.002,0.1286,11.49,3889.5,0.8342,33.6,4.67,10.252,10.45,71360,35.35
2024-03-14T17:00:00.000Z,1.983,94.4,0.3075,2849,1.398,13.98,438.5,21.374,0.1775,1.2161,87,1.474,9965,0.757,166.773,140.05,0.1445,53.54,143.4,13.614,1.141,0.609,4.736,8.082,0.646,1.299,13.897,0.1289,11.51,3874.4,0.8288,33.6,4.66,10.157,10.47,71067,35.32
2024-03-14T18:00:00.000Z,1.963,92.6,0.301,2794,1.378,13.73,432,20.693,0.173,1.1935,85.3,1.455,9822,0.738,165.371,136.72,0.1423,52.44,142.3,13.347,1.119,0.598,4.64,8.127,0.633,1.296,13.608,0.1285,11.16,3815.2,0.8131,32.9,4.53,9.837,10.33,70100,34.66
2024-03-14T19:00:00.000Z,1.961,91.5,0.298,2813,1.356,13.47,426.3,20.16,0.1696,1.1832,85,1.436,9706,0.727,162.448,135.27,0.1401,51.44,141.4,13.182,1.101,0.589,4.569,7.948,0.626,1.312,13.502,0.1279,10.97,3781,0.8032,32.8,4.47,9.661,10.13,69311,34.17
2024-03-14T20:00:00.000Z,1.994,94.1,0.307,2904,1.393,13.78,434.9,21.089,0.175,1.1958,87.2,1.467,9866,0.743,168.116,137.87,0.1432,53.03,144.8,13.461,1.126,0.602,4.68,8.253,0.641,1.366,13.874,0.1286,11.24,3841,0.8202,33.7,4.58,10.01,10.48,70710,34.81
2024-03-14T21:00:00.000Z,1.991,94.8,0.3086,2962,1.413,13.85,438.2,21.192,0.1767,1.2087,87.8,1.472,9907,0.744,168.982,137.96,0.1439,53.42,146.2,13.53,1.13,0.606,4.735,8.751,0.647,1.441,13.918,0.1287,11.42,3863.4,0.8244,34.3,4.61,10.409,10.5,71054,35.02
2024-03-14T22:00:00.000Z,2.042,94.7,0.3132,2894,1.422,13.94,440.9,21.136,0.1769,1.2164,89.1,1.492,10009,0.75,172.933,139.13,0.1446,53.94,147,13.591,1.141,0.61,4.754,8.582,0.654,1.365,13.965,0.1288,11.53,3876.7,0.8275,34.3,4.61,10.25,10.48,71527,35.26
2024-03-14T23:00:00.000Z,2.037,94.2,0.3124,2904,1.432,13.96,441.3,20.894,0.1773,1.224,89.2,1.492,10039,0.752,176.673,139.28,0.1451,54.02,146.7,13.702,1.142,0.612,4.775,8.883,0.658,1.341,13.963,0.1292,11.56,3882,0.8323,34.3,4.66,10.334,10.52,71396,35.23
2024-03-15T00:00:00.000Z,2.056,95.4,0.312,2933,1.418,14,442.9,20.799,0.1789,1.2266,89.7,1.491,10081,0.756,179.545,140.63,0.1443,54.61,146,13.714,1.149,0.613,4.753,8.763,0.657,1.337,14.066,0.1291,11.59,3904.4,0.8434,35,4.68,10.344,10.5,71914,35.42
2024-03-15T01:00:00.000Z,2.051,94.4,0.3198,2921,1.411,13.86,436.1,20.622,0.1781,1.2089,88.8,1.465,9952,0.758,183.915,138.99,0.1435,56.42,147.2,13.626,1.141,0.613,4.712,9.021,0.651,1.279,13.841,0.1293,11.45,3877.8,0.8298,34.4,4.66,10.264,10.39,71616,35.17
2024-03-15T02:00:00.000Z,1.968,90.8,0.3035,2780,1.341,13.19,418.9,19.784,0.1712,1.1581,85.2,1.403,9607,0.729,179.26,132.08,0.138,53.93,141.9,13.027,1.089,0.587,4.498,8.464,0.621,1.272,13.312,0.1275,10.94,3746.3,0.7897,32.8,4.43,9.669,9.89,69031,33.69
2024-03-15T03:00:00.000Z,1.983,89.5,0.2969,2755,1.35,13.01,412.2,19.53,0.1666,1.1478,82.9,1.397,9463,0.721,175.853,130.25,0.1365,53.95,140.3,12.841,1.068,0.57,4.423,8.286,0.609,1.258,13.082,0.1271,10.77,3721,0.773,32,4.31,9.606,9.62,68161,33.13
2024-03-15T04:00:00.000Z,1.947,87.7,0.2901,2720,1.323,12.74,404.8,19.278,0.1633,1.1315,81.5,1.365,9321,0.71,173.734,129.08,0.1342,51.86,143.1,12.664,1.053,0.564,4.363,7.991,0.6,1.226,12.909,0.1266,10.56,3673,0.7596,31.7,4.25,9.481,9.45,67520,32.68
2024-03-15T05:00:00.000Z,1.935,87.8,0.2882,2717,1.335,12.7,406.5,19.317,0.1638,1.132,81.1,1.372,9264,0.709,174.088,129.47,0.1347,52,142.8,12.575,1.058,0.565,4.355,7.875,0.603,1.189,12.888,0.1265,10.59,3672.6,0.7581,31.7,4.3,9.346,9.5,67544,32.81
2024-03-15T06:00:00.000Z,1.99,89.3,0.2996,2750,1.337,13.04,413,19.619,0.1681,1.1551,82.9,1.393,9489,0.724,179.221,132.04,0.1368,54.3,145.5,12.898,1.077,0.58,4.468,8.156,0.615,1.222,13.17,0.127,10.91,3748,0.7742,32.3,4.27,9.469,9.71,68587,33.17
2024-03-15T07:00:00.000Z,1.972,89.6,0.2958,2787,1.337,13.01,412.9,19.588,0.1678,1.1518,83.2,1.399,9535,0.721,176,132.54,0.1363,53.78,144.6,12.86,1.081,0.583,4.482,7.969,0.617,1.208,13.131,0.1272,10.79,3751.2,0.7784,32.3,4.27,9.48,9.7,68447,33.5
2024-03-15T08:00:00.000Z,1.874,85.7,0.2815,2674,1.289,12.38,397.4,18.916,0.159,1.1014,79.1,1.334,9099,0.687,167.197,126.51,0.1312,50.02,142.4,12.315,1.043,0.548,4.246,7.395,0.585,1.229,12.539,0.1259,10.28,3659.4,0.734,30.8,4.14,8.946,9.22,67004,31.92
2024-03-15T09:00:00.000Z,1.901,87.5,0.2881,2723,1.23,12.74,404.5,19.348,0.1608,1.1183,80.4,1.351,9258,0.699,173.098,129.57,0.1333,51.03,144.9,12.471,1.051,0.555,4.317,7.569,0.595,1.274,12.776,0.126,10.42,3680.4,0.7546,30.8,4.12,9.2,9.42,67782,32.57
2024-03-15T10:00:00.000Z,1.927,87.1,0.2855,2781,1.321,12.62,404.4,19.247,0.1594,1.1063,79.8,1.344,9213,0.697,169.871,127.45,0.1327,50.83,142.5,12.322,1.049,0.551,4.267,7.402,0.593,1.288,12.772,0.1259,10.35,3659.5,0.7496,30.7,4.21,9.12,9.35,67233,32.35
2024-03-15T11:00:00.000Z,1.916,87.8,0.2875,2772,1.26,12.68,404.2,19.224,0.1605,1.1116,80,1.349,9216,0.702,169.857,126.88,0.1328,51.43,141.3,12.373,1.053,0.556,4.295,7.482,0.594,1.297,12.741,0.1258,10.37,3688,0.7504,30.8,4.21,9.267,9.4,67712,32.42
2024-03-15T12:00:00.000Z,1.934,88,0.2839,2816,1.292,12.67,404.6,19.305,0.1614,1.1142,79.7,1.349,9200,0.704,172.126,126.75,0.133,50.95,140.3,12.338,1.051,0.554,4.25,7.391,0.595,1.262,12.764,0.1256,10.38,3698.5,0.7524,30.7,4.24,9.211,9.44,67897,32.48
2024-03-15T13:00:00.000Z,1.955,88.9,0.2906,2847,1.295,12.87,408.9,19.502,0.1651,1.1273,81.2,1.348,9309,0.716,182.197,128.77,0.1337,54.28,141.8,12.562,1.06,0.565,4.342,7.709,0.601,1.259,12.937,0.1262,10.53,3722.4,0.7611,31.4,4.24,9.31,9.61,68456,32.77
2024-03-15T14:00:00.000Z,1.932,88.5,0.2896,2798,1.298,12.87,410.8,19.574,0.1642,1.1306,80.4,1.363,9264,0.718,182.169,128.52,0.1337,54.64,140.8,12.596,1.049,0.561,4.304,7.554,0.603,1.275,12.898,0.1254,10.49,3722.3,0.7595,31.2,4.27,9.336,9.53,68620,32.39
2024-03-15T15:00:00.000Z,1.91,88.2,0.2894,2788,1.292,12.75,409.9,19.377,0.1621,1.1236,80.1,1.358,9231,0.717,181.902,127.51,0.1336,55.5,140.2,12.458,1.053,0.554,4.281,7.375,0.597,1.251,12.774,0.1258,10.41,3688.5,0.7531,31.1,4.28,9.285,9.48,68162,32.72
2024-03-15T16:00:00.000Z,1.905,88.9,0.2874,2748,1.288,12.75,409.2,19.33,0.162,1.1204,80.5,1.354,9244,0.713,181.445,126.83,0.1336,56.1,141.7,12.445,1.054,0.557,4.278,7.25,0.597,1.273,12.768,0.1259,10.33,3684,0.7552,31.2,4.27,9.1,9.43,67938,32.63
2024-03-15T17:00:00.000Z,1.924,88,0.2905,2760,1.279,12.83,409,19.379,0.1624,1.118,80.6,1.357,9312,0.716,181.48,126.55,0.1345,56.25,142.9,12.462,1.05,0.559,4.274,7.24,0.6,1.332,12.841,0.1256,10.38,3694,0.7572,31.3,4.27,9.228,9.44,68199,32.72
2024-03-15T18:00:00.000Z,1.971,91,0.2993,2830,1.315,13.16,419.6,19.772,0.1667,1.1472,82.6,1.382,9553,0.736,186.873,131.5,0.1368,57.5,144,12.714,1.078,0.58,4.401,7.567,0.615,1.343,13.131,0.1267,10.73,3784.6,0.7821,32,4.42,9.573,9.74,70246,33.55
2024-03-15T19:00:00.000Z,1.922,88.6,0.2926,2768,1.319,12.81,409.4,19.375,0.1623,1.1163,80.9,1.372,9451,0.72,183.223,126.89,0.1342,56.21,143,12.445,1.05,0.563,4.264,7.266,0.6,1.349,12.806,0.1258,10.68,3690.5,0.7595,31.2,4.42,9.183,9.48,69002,32.71
2024-03-15T20:00:00.000Z,1.881,87.3,0.2846,2675,1.258,12.56,403.6,19.08,0.1576,1.1043,79.2,1.341,9260,0.702,176.868,124.3,0.133,54.75,140.2,12.205,1.031,0.55,4.168,7.138,0.591,1.286,12.552,0.1253,10.46,3628,0.7448,30.5,4.23,8.859,9.33,67853,32.22
2024-03-15T21:00:00.000Z,1.971,88.7,0.2886,2709,1.278,12.61,408.9,19.308,0.1604,1.1218,80.2,1.364,9450,0.709,179.25,124.69,0.1344,55.4,140.3,12.274,1.04,0.56,4.21,7.299,0.603,1.314,12.745,0.1257,10.66,3665.2,0.7569,30.9,4.27,8.959,9.55,68297,32.49
2024-03-15T22:00:00.000Z,1.962,89.2,0.2992,2793,1.29,12.8,407.9,19.557,0.1625,1.1359,81.9,1.377,9621,0.724,184.299,128.15,0.136,56.73,140.5,12.57,1.064,0.567,4.285,7.425,0.615,1.328,13.041,0.1264,10.77,3734.7,0.7698,31.4,4.31,9.313,9.72,69129,33.16
2024-03-15T23:00:00.000Z,1.956,89.8,0.2988,2822,1.316,12.87,414.5,19.596,0.1634,1.1396,82.2,1.395,9610,0.727,183.745,129.06,0.1371,58.38,142.2,12.622,1.065,0.568,4.285,7.494,0.618,1.319,13.058,0.1264,10.81,3743.7,0.7728,31.4,4.36,9.332,9.78,69499,33.33
2024-03-16T00:00:00.000Z,1.967,89.7,0.2923,2853,1.383,12.76,416.8,19.616,0.1635,1.1391,82,1.397,9621,0.723,181.207,128.36,0.1368,57.44,142.9,12.701,1.067,0.567,4.279,7.289,0.612,1.301,13.054,0.1267,10.76,3760.9,0.7694,31.6,4.38,9.32,9.68,69640,33.38
2024-03-16T01:00:00.000Z,1.968,89.9,0.2947,2830,1.361,12.82,414.9,19.676,0.1631,1.1363,82.4,1.395,9571,0.723,185.432,128.41,0.1381,57.96,143.3,12.777,1.071,0.567,4.296,7.366,0.609,1.312,13.037,0.1266,10.72,3746.1,0.7686,31.7,4.41,9.297,9.63,69280,33.55
2024-03-16T02:00:00.000Z,1.968,89.8,0.2954,2841,1.363,12.84,414.7,19.455,0.1624,1.1355,82.7,1.398,9540,0.72,186.249,127.43,0.1405,56.77,143.6,12.728,1.066,0.568,4.297,7.335,0.609,1.288,13.116,0.1268,10.67,3735.4,0.7688,31.6,4.44,9.267,9.67,69065,33.29
2024-03-16T03:00:00.000Z,1.973,89.5,0.3007,2844,1.376,12.94,412.4,19.395,0.1625,1.1423,82.5,1.409,9570,0.726,187.615,128.16,0.1419,56.98,143.7,12.811,1.072,0.572,4.343,7.371,0.609,1.297,13.127,0.1269,10.71,3737.6,0.7681,31.7,4.48,9.264,9.73,69266,33.36
2024-03-16T04:00:00.000Z,1.931,89.5,0.2993,2871,1.357,12.9,411.2,19.408,0.1612,1.1369,82.1,1.411,9572,0.72,188.046,127.41,0.1399,56.88,144.1,12.683,1.071,0.57,4.317,7.31,0.609,1.281,13,0.1264,10.61,3730.7,0.7631,31.9,4.47,9.152,9.64,68996,33.26
2024-03-16T05:00:00.000Z,1.922,89.4,0.2968,2872,1.316,12.81,410.6,19.322,0.1606,1.1373,81.7,1.404,9493,0.715,192.208,127.22,0.1398,56.86,142.9,12.668,1.068,0.564,4.288,7.314,0.604,1.276,12.926,0.1263,10.55,3716.9,0.7586,31.7,4.44,9.098,9.66,68994,33.08
2024-03-16T06:00:00.000Z,1.929,89.5,0.3039,2885,1.332,12.87,412.6,19.359,0.1619,1.146,82.4,1.421,9590,0.725,189.51,127.55,0.1401,59.39,144,12.794,1.075,0.571,4.323,7.595,0.609,1.275,12.966,0.1267,10.7,3727.2,0.7572,32,4.44,9.213,9.7,69209,33.21
2024-03-16T07:00:00.000Z,1.958,90.2,0.3096,2907,1.349,13.04,413,19.613,0.163,1.1616,83.4,1.427,9650,0.735,192.88,128.68,0.1407,60.69,144.1,12.848,1.079,0.583,4.399,7.828,0.617,1.356,13.002,0.1268,10.67,3742,0.7689,32,4.46,9.309,9.8,69424,33.26
2024-03-16T08:00:00.000Z,1.954,90.1,0.3053,2905,1.34,13.03,414.1,19.567,0.1618,1.1606,83,1.43,9683,0.727,191.653,128.39,0.1408,60.72,145.5,12.791,1.078,0.576,4.387,7.853,0.613,1.331,12.979,0.1268,10.53,3721.2,0.765,32.1,4.48,9.296,9.82,69056,33.01
2024-03-16T09:00:00.000Z,1.951,90.4,0.3007,2940,1.328,13.14,413,19.454,0.1613,1.1537,82.7,1.409,9622,0.727,194.339,127.84,0.1394,60.28,147.4,12.751,1.075,0.573,4.371,7.704,0.609,1.304,12.93,0.1273,10.49,3723.9,0.7588,31.7,4.43,9.45,9.71,68939,32.89
2024-03-16T10:00:00.000Z,1.937,90,0.298,2931,1.328,13.09,408.6,19.461,0.1597,1.1448,82.1,1.399,9508,0.725,195.565,126.68,0.1398,60.91,147.3,12.678,1.069,0.57,4.328,7.713,0.603,1.358,12.821,0.1272,10.41,3705.7,0.751,31.5,4.4,9.387,9.68,68427,32.73
2024-03-16T11:00:00.000Z,1.936,89.9,0.2933,2872,1.308,12.92,405.6,19.324,0.1589,1.1399,81.9,1.389,9506,0.721,192.912,126.46,0.1395,59.54,147,12.664,1.055,0.564,4.282,7.65,0.6,1.35,12.778,0.1271,10.37,3695.2,0.7486,31.6,4.35,9.181,9.58,68244,32.47
2024-03-16T12:00:00.000Z,1.894,88.4,0.2881,2849,1.28,12.61,401.3,19.008,0.1543,1.1248,80.3,1.359,9328,0.709,191.18,123.52,0.1366,58.04,145.6,12.397,1.042,0.55,4.178,7.661,0.588,1.365,12.528,0.1268,10.24,3666.2,0.7321,30.8,4.29,8.984,9.36,67921,31.95
2024-03-16T13:00:00.000Z,1.83,87,0.2832,2792,1.256,12.36,398.8,18.737,0.1517,1.1044,78.6,1.34,9185,0.7,188.743,121.6,0.1344,56.92,144.4,12.203,1.022,0.54,4.123,7.317,0.579,1.367,12.376,0.1263,10.12,3651.1,0.7199,30.5,4.22,8.865,9.21,67709,31.67
2024-03-16T14:00:00.000Z,1.853,87.9,0.2831,2792,1.263,12.54,400.1,18.894,0.1528,1.1073,79,1.342,9250,0.701,190.434,122.29,0.1356,57.26,144.7,12.303,1.028,0.546,4.157,7.312,0.582,1.147,12.412,0.1264,10.16,3667.7,0.7227,30,4.18,8.771,9.34,68187,31.84
2024-03-16T15:00:00.000Z,1.86,87.9,0.2853,2801,1.26,12.75,404.6,19.013,0.1539,1.1148,79.9,1.352,9329,0.705,195.073,123.99,0.1365,58.03,144.9,12.424,1.037,0.548,4.197,7.354,0.587,1.24,12.585,0.1262,10.29,3681.9,0.7308,30.2,4.22,9.095,9.43,68347,32.01
2024-03-16T16:00:00.000Z,1.867,88.8,0.279,2768,1.262,12.51,404.7,18.86,0.152,1.105,79.5,1.337,9232,0.698,192.529,123.11,0.1356,56.98,144.5,12.239,1.026,0.542,4.171,7.173,0.589,1.203,12.584,0.1259,10.27,3666.1,0.7211,30,4.26,8.885,9.35,68168,31.91
2024-03-16T17:00:00.000Z,1.829,86.1,0.2724,2711,1.216,12.28,399.9,18.549,0.148,1.0857,77.3,1.311,9007,0.683,188.443,121.05,0.1335,55.11,142,12.002,1.007,0.533,4.083,6.931,0.574,1.246,12.323,0.1256,10.03,3631.8,0.7076,29.3,4.1,8.57,9.16,67279,31.46
2024-03-16T18:00:00.000Z,1.794,84,0.266,2666,1.156,12.07,390.3,18.18,0.1433,1.0536,75.8,1.281,8820,0.669,183.162,118.28,0.1287,53.38,139.2,11.757,0.97,0.515,3.981,6.696,0.562,1.232,12.111,0.1254,9.87,3596.2,0.69,28.5,3.93,8.313,8.82,67064,30.54
2024-03-16T19:00:00.000Z,1.757,84.6,0.2663,2675,1.2,12.12,389.9,18.212,0.1433,1.0544,76,1.287,8773,0.666,180.015,118.66,0.1285,52.76,137,11.779,0.988,0.518,3.933,6.649,0.567,1.244,12.118,0.1251,9.85,3600.9,0.6936,29,4.03,8.146,8.9,66954,30.88
2024-03-16T20:00:00.000Z,1.782,85,0.2692,2719,1.189,12.24,392.4,18.374,0.1441,1.0596,76.8,1.3,8889,0.674,182.867,120.3,0.1292,53.87,137.5,11.919,0.995,0.527,3.963,6.783,0.571,1.306,12.232,0.1253,9.91,3619.5,0.6941,29.2,4.05,8.273,8.96,67106,31.27
2024-03-16T21:00:00.000Z,1.766,84.2,0.2661,2788,1.175,12.13,390.4,18.176,0.1431,1.0472,75.8,1.284,8788,0.665,180.114,118.99,0.1299,53.25,135.8,11.834,0.984,0.515,3.938,6.656,0.566,1.356,12.047,0.1251,9.84,3554.9,0.6891,28.9,3.99,8.166,8.87,66182,30.92
2024-03-16T22:00:00.000Z,1.767,84.7,0.268,2872,1.165,12.21,390.8,18.238,0.1422,1.0453,76.3,1.295,8877,0.664,180.979,119.01,0.1293,53.14,138.8,11.892,0.987,0.515,3.99,6.665,0.566,1.335,12.045,0.1251,9.75,3559.5,0.6923,29.1,3.98,8.215,8.87,66370,30.88
2024-03-16T23:00:00.000Z,1.76,84.2,0.2671,2852,1.178,12.24,388.4,18.114,0.1424,1.0429,76.4,1.279,8857,0.659,181.923,118.91,0.1292,53.47,139.4,11.946,0.987,0.515,4.003,6.734,0.564,1.343,12.01,0.1251,9.7,3520.7,0.6928,29.2,3.91,8.202,8.85,65285,30.72
2024-03-17T00:00:00.000Z,1.751,83.3,0.2602,2849,1.176,12.1,386.2,17.907,0.1405,1.0266,75.6,1.272,8769,0.652,182.472,116.95,0.1279,52.42,138.8,11.781,0.973,0.509,3.934,6.637,0.553,1.338,11.831,0.1251,9.52,3507.4,0.683,28.7,4.01,8.198,8.7,65194,30.2
2024-03-17T01:00:00.000Z,1.769,85,0.2668,2929,1.168,12.41,391.9,18.186,0.1448,1.0497,76.8,1.298,8981,0.665,186.75,119.5,0.1295,53.33,139.8,12.06,0.98,0.521,3.999,6.801,0.563,1.349,12.105,0.1251,9.7,3555,0.6959,28.9,4.03,8.528,8.9,66110,30.68
2024-03-17T02:00:00.000Z,1.808,85.9,0.2699,3043,1.197,12.46,396.6,18.291,0.1465,1.057,78.1,1.318,9012,0.67,187.24,121.06,0.1303,53.63,140.2,12.155,0.998,0.53,4.063,7.104,0.572,1.34,12.253,0.1253,9.79,3571.2,0.7026,29.5,4.07,8.612,8.99,66357,31.14
2024-03-17T03:00:00.000Z,1.807,86.3,0.2718,3026,1.206,12.52,396.2,18.386,0.147,1.0573,78.4,1.316,9086,0.673,185.969,121.7,0.131,53.47,140.2,12.201,1.004,0.531,4.081,7.178,0.575,1.354,12.268,0.1253,9.84,3570.9,0.7025,29.4,4.06,8.617,9,66537,31.15
2024-03-17T04:00:00.000Z,1.777,86.2,0.268,2976,1.225,12.43,394.7,18.287,0.1451,1.0546,77.8,1.316,8994,0.669,183.835,120.24,0.1303,52.75,138.7,12.148,0.998,0.526,4.04,7.057,0.567,1.365,12.188,0.1252,9.78,3556.6,0.696,29.2,4.06,8.477,8.93,66369,30.99
2024-03-17T05:00:00.000Z,1.769,85.1,0.2653,2957,1.213,12.27,391.8,18.136,0.144,1.0481,77,1.297,8939,0.663,187.93,119.4,0.1289,52.41,139.3,12.111,0.987,0.524,4.006,7.082,0.563,1.35,12.049,0.1249,9.71,3545.9,0.6924,28.9,4,8.354,8.8,66227,30.81
2024-03-17T06:00:00.000Z,1.733,82.7,0.2586,2934,1.159,11.91,379.6,17.77,0.1402,1.0244,75.2,1.268,8709,0.645,183.14,116.48,0.1271,51.21,138,11.823,0.958,0.509,3.902,6.938,0.548,1.338,11.699,0.1245,9.44,3441.5,0.6713,28.3,3.89,8.143,8.53,64995,30.06
2024-03-17T07:00:00.000Z,1.726,83,0.259,2925,1.139,11.86,377.4,17.678,0.141,1.0313,74.9,1.271,8769,0.648,181.89,116.33,0.1268,51.39,138.1,11.834,0.961,0.512,3.926,7.194,0.55,1.357,11.617,0.1242,9.47,3470.3,0.6739,28.2,3.8,8.134,8.61,65597,30.22
2024-03-17T08:00:00.000Z,1.77,85.2,0.2695,3102,1.191,12.29,387.6,18.172,0.1463,1.0566,77.5,1.318,9001,0.666,186.634,120.76,0.1291,54.96,139.7,12.154,0.989,0.526,4.084,7.527,0.565,1.359,12.037,0.125,9.73,3552.9,0.6887,29.2,4.02,8.456,8.84,66456,30.88
2024-03-17T09:00:00.000Z,1.767,85,0.2673,3141,1.217,12.32,390.5,18.168,0.1497,1.0549,77,1.314,8946,0.67,185.768,119.94,0.1295,55.01,140.6,12.098,0.993,0.525,4.034,7.503,0.564,1.365,12.017,0.1249,9.73,3553.1,0.6847,29.1,4.01,8.372,8.79,66390,30.76
2024-03-17T10:00:00.000Z,1.79,85.5,0.272,3184,1.227,12.47,398.7,18.424,0.1505,1.0641,78.3,1.329,9045,0.679,193.258,121.09,0.1304,56.07,142.4,12.183,1.009,0.528,4.06,7.681,0.569,1.345,12.15,0.1253,9.84,3593.1,0.692,29.3,4.02,8.553,8.96,67092,31.18
2024-03-17T11:00:00.000Z,1.781,86,0.2707,3192,1.208,12.47,399,18.312,0.1486,1.0618,77.6,1.332,9018,0.677,191.728,121.32,0.1303,55.56,142.7,12.102,0.998,0.529,4.049,7.637,0.569,1.338,12.179,0.1253,9.84,3573.9,0.691,29.3,4.03,8.57,8.91,66873,31.23
2024-03-17T12:00:00.000Z,1.751,85,0.2649,3179,1.175,12.29,394.8,17.969,0.1469,1.0472,76.1,1.332,8881,0.666,189.651,120.13,0.1286,54.88,142.3,11.927,0.976,0.517,3.983,7.582,0.56,1.323,12.019,0.1248,9.72,3538,0.6799,28.8,3.98,8.35,8.81,66536,30.69
2024-03-17T13:00:00.000Z,1.767,85.6,0.2702,3167,1.187,12.61,403.7,18.212,0.1497,1.0607,77.9,1.316,9061,0.677,192.895,122.85,0.1303,55.72,144,12.125,0.995,0.529,4.059,7.789,0.569,1.312,12.236,0.1249,9.87,3570.1,0.6897,29.3,4.01,8.608,8.98,67029,31.19
2024-03-17T14:00:00.000Z,1.781,85.4,0.2714,3180,1.197,12.54,402.2,18.408,0.1502,1.0724,78.5,1.32,9153,0.676,192.059,125.75,0.1316,54.61,144.2,12.231,0.998,0.535,4.12,8.087,0.577,1.297,12.32,0.1252,9.93,3596.3,0.6958,29.4,4.01,8.759,9.18,67556,31.32
2024-03-17T15:00:00.000Z,1.796,86.3,0.2743,3175,1.212,12.6,405.2,18.498,0.1527,1.0799,79.3,1.335,9284,0.684,195.499,126.3,0.1326,55.64,145.1,12.269,1.011,0.543,4.163,8.179,0.582,1.319,12.523,0.1254,10.04,3624,0.7068,29.7,4.09,8.871,9.26,67953,31.65
2024-03-17T16:00:00.000Z,1.777,85.9,0.2735,3198,1.204,12.55,402.5,18.463,0.1509,1.0761,78.9,1.334,9200,0.676,192.982,125.06,0.1316,55.23,143.2,12.219,1.011,0.538,4.121,8.096,0.583,1.321,12.499,0.1254,9.98,3609.9,0.7022,29.7,4.08,8.778,9.13,68004,31.47
2024-03-17T17:00:00.000Z,1.788,86.4,0.278,3156,1.229,12.72,405.8,18.668,0.1569,1.0811,79.2,1.343,9295,0.684,195.936,127.34,0.1331,56,144.1,12.295,1.02,0.544,4.156,8.123,0.591,1.319,12.647,0.1259,10.16,3641.2,0.7136,29.9,4.08,8.993,9.27,68515,31.94
2024-03-17T18:00:00.000Z,1.783,86,0.2762,3165,1.217,12.63,404.1,18.533,0.1528,1.0791,79.2,1.337,9228,0.677,195.21,126.45,0.1324,56.16,143,12.213,1.01,0.541,4.13,8.117,0.585,1.309,12.517,0.1257,10.11,3631.4,0.7068,29.6,4.1,8.865,9.15,68159,31.76
2024-03-17T19:00:00.000Z,1.816,86.6,0.2777,3233,1.241,12.73,404.8,18.694,0.1548,1.0898,79.5,1.348,9319,0.682,195.612,126.63,0.133,57.85,144.5,12.321,1.017,0.544,4.156,8.205,0.589,1.318,12.647,0.126,10.23,3651.3,0.7121,29.7,4.07,8.948,9.27,68529,31.85
2024-03-17T20:00:00.000Z,1.806,86,0.2751,3227,1.235,12.61,402.2,18.631,0.1533,1.0846,79.3,1.339,9271,0.68,196.802,126.18,0.1323,56.48,142.6,12.235,1.012,0.541,4.127,8.132,0.59,1.318,12.551,0.126,10.07,3634.1,0.7078,29.5,4.1,8.897,9.18,68297,31.72
2024-03-17T21:00:00.000Z,1.801,86.1,0.276,3242,1.23,12.64,403.6,18.57,0.1547,1.0883,79.4,1.338,9282,0.677,196.244,125.93,0.1324,56.61,143.5,12.262,1.01,0.542,4.124,8.239,0.589,1.307,12.509,0.1262,10.1,3637.1,0.7059,29.4,4.1,8.95,9.22,68168,31.81
2024-03-17T22:00:00.000Z,1.824,86,0.2777,3245,1.242,12.64,404,18.658,0.1539,1.09,80,1.354,9319,0.682,200.989,127.65,0.132,57.09,143,12.269,1.021,0.544,4.12,8.236,0.592,1.309,12.501,0.1263,10.09,3644.5,0.7069,29.6,4.1,8.977,9.21,68166,32.1
2024-03-17T23:00:00.000Z,1.79,85.9,0.2754,3277,1.236,12.6,402.6,18.652,0.1548,1.0896,79.6,1.341,9290,0.681,201.783,127.12,0.1324,58.46,139.9,12.297,1.014,0.541,4.105,8.241,0.588,1.308,12.413,0.1262,10.08,3642.9,0.6904,29.3,4.1,8.984,9.18,68374,31.92
2024-03-18T00:00:00.000Z,1.697,83.8,0.2657,3196,1.2,12.25,394.9,18.36,0.1503,1.0661,77.6,1.31,9083,0.664,195.792,123.85,0.1294,55.89,139.6,12.041,0.997,0.526,4.007,8.087,0.571,1.272,12.099,0.1261,9.82,3575.5,0.6613,28.8,4.08,8.564,8.9,67269,31.34
2024-03-18T01:00:00.000Z,1.717,84.4,0.2681,3227,1.2,12.32,389.9,18.866,0.1513,1.0744,78.2,1.311,9128,0.669,197.68,125.54,0.1302,56.69,139.4,12.144,1.002,0.53,4.048,8.361,0.574,1.29,12.225,0.1257,9.89,3595.5,0.6739,29,3.99,8.648,9.04,67529,31.39
